[{"nom":"Intelligence Artificielle","filiereEligible":["GI"],"nbPlace":20,"description":"Ce vœu est top","idVoeux":101},{"nom":"Cyber Sécurité","filiereEligible":["GI"],"nbPlace":20,"description":"xdv","idVoeux":102},{"nom":"Informatique embarquée","filiereEligible":["GI"],"nbPlace":20,"description":"fgj","idVoeux":103},{"nom":"Visual Computing","filiereEligible":["GI"],"nbPlace":20,"description":"tyk","idVoeux":104},{"nom":"Business Intelligence & Analytics","filiereEligible":["GI"],"nbPlace":20,"description":"ky","idVoeux":105},{"nom":"Ingénierie Financière","filiereEligible":["MF"],"nbPlace":21,"description":"qaf","idVoeux":201},{"nom":"Modélisation Mathématiques pour la finance","filiereEligible":["MF"],"nbPlace":21,"description":"vz","idVoeux":202},{"nom":"Actuariat","filiereEligible":["MF"],"nbPlace":21,"description":"ve","idVoeux":203},{"nom":"Data science","filiereEligible":["MI"],"nbPlace":21,"description":"sv","idVoeux":301},{"nom":"High Performance Data Analytics","filiereEligible":["MI"],"nbPlace":21,"description":"tb","idVoeux":302},{"nom":"Data du Développement Durable","filiereEligible":["MI"],"nbPlace":21,"description":"rtn","idVoeux":303},{"nom":"Finances et Technologies","filiereEligible":["MI"],"nbPlace":21,"description":"nrt","idVoeux":304}]