[{"nom":"Ducaroix","prenom":"Noa","mail":"ducaroixla@cy-tech.fr","mdpEtu":"Noa1!","numEtu":22206060,"filiere":"MF","moyGen":18.450727972,"listeVoeux":null,"resultat":null},{"nom":"Mesnildrey","prenom":"Oscar","mail":"mesnildrey@cy-tech.fr","mdpEtu":"Salutsalut!3","numEtu":22410025,"filiere":"MF","moyGen":11.3508766968,"listeVoeux":null,"resultat":null},{"nom":"Durand","prenom":"Arthur","mail":"durandarth@cy-tech.fr","mdpEtu":"lpbDu44?","numEtu":22230303,"filiere":"MF","moyGen":14.3416291481,"listeVoeux":null,"resultat":null},{"nom":"Makelele","prenom":"Claude","mail":"makelelecl@cy-tech.fr","mdpEtu":"m'enbat\/","numEtu":22300543,"filiere":"MI","moyGen":10.6763110011,"listeVoeux":null,"resultat":null},{"nom":"Giroud","prenom":"Olivier","mail":"giroudolivi@cy-tech.fr","mdpEtu":"chaoMilan0","numEtu":22204010,"filiere":"GI","moyGen":17.8260370595,"listeVoeux":null,"resultat":null},{"nom":"Thomas","prenom":"Richard","mail":"thomasr@cy-tech.fr","mdpEtu":"KenKB6$+}?","numEtu":22464526,"filiere":"GI","moyGen":18.0472105392,"listeVoeux":null,"resultat":null},{"nom":"Ramos","prenom":"Jamie","mail":"ramosj@cy-tech.fr","mdpEtu":"a#=\/>(Y5AL","numEtu":22021648,"filiere":"MI","moyGen":15.6932818502,"listeVoeux":null,"resultat":null},{"nom":"Stokes","prenom":"Lauren","mail":"stokesl@cy-tech.fr","mdpEtu":"'@OaPm^.78","numEtu":22764562,"filiere":"MF","moyGen":16.8804653389,"listeVoeux":null,"resultat":null},{"nom":"Robinson","prenom":"Robin","mail":"robinsonr@cy-tech.fr","mdpEtu":"MDK+tIMEhW","numEtu":22464018,"filiere":"GI","moyGen":19.8903270726,"listeVoeux":null,"resultat":null},{"nom":"Evans","prenom":"Joseph","mail":"evansj@cy-tech.fr","mdpEtu":"pw\/*l2>qyu","numEtu":22811157,"filiere":"MI","moyGen":11.4584779622,"listeVoeux":null,"resultat":null},{"nom":"Myers","prenom":"Mckenzie","mail":"myersm@cy-tech.fr","mdpEtu":"Uf9C#jlFl`","numEtu":22994967,"filiere":"MI","moyGen":16.1486079275,"listeVoeux":null,"resultat":null},{"nom":"Hawkins","prenom":"Diane","mail":"hawkinsd@cy-tech.fr","mdpEtu":"Qh,5ra[Shm","numEtu":22916633,"filiere":"MI","moyGen":18.5192855214,"listeVoeux":null,"resultat":null},{"nom":"Norton","prenom":"Todd","mail":"nortont@cy-tech.fr","mdpEtu":"2Wgi})d_d1","numEtu":22952986,"filiere":"MF","moyGen":15.1347330529,"listeVoeux":null,"resultat":null},{"nom":"Bartlett","prenom":"Kathryn","mail":"bartlettk@cy-tech.fr","mdpEtu":"c!Vq|kC'I^","numEtu":22446108,"filiere":"MI","moyGen":12.1517827695,"listeVoeux":null,"resultat":null},{"nom":"Davis","prenom":"Brett","mail":"davisb@cy-tech.fr","mdpEtu":"\")X1O[J,af","numEtu":22191136,"filiere":"GI","moyGen":19.5723881161,"listeVoeux":null,"resultat":null},{"nom":"Hill","prenom":"Robert","mail":"hillr@cy-tech.fr","mdpEtu":"R;M`bqy26H","numEtu":22770725,"filiere":"MI","moyGen":17.3733070054,"listeVoeux":null,"resultat":null},{"nom":"Hall","prenom":"David","mail":"halld@cy-tech.fr","mdpEtu":"Jnq:~%YLL,","numEtu":22584870,"filiere":"GI","moyGen":19.1363614491,"listeVoeux":null,"resultat":null},{"nom":"Hall","prenom":"Beverly","mail":"hallb@cy-tech.fr","mdpEtu":"&}`'@=\"[g-","numEtu":22125093,"filiere":"MF","moyGen":16.1851062573,"listeVoeux":null,"resultat":null},{"nom":"Garcia","prenom":"Rebekah","mail":"garciar@cy-tech.fr","mdpEtu":"h:{EYfPNq_","numEtu":22233131,"filiere":"MI","moyGen":14.2248435417,"listeVoeux":null,"resultat":null},{"nom":"Maxwell","prenom":"Steven","mail":"maxwells@cy-tech.fr","mdpEtu":"DN7WYyxVWN","numEtu":22997036,"filiere":"GI","moyGen":11.8754861341,"listeVoeux":null,"resultat":null},{"nom":"Schmitt","prenom":"Paula","mail":"schmittp@cy-tech.fr","mdpEtu":"GO=;l=3*OG","numEtu":22554671,"filiere":"GI","moyGen":10.0562044376,"listeVoeux":null,"resultat":null},{"nom":"Rodriguez","prenom":"John","mail":"rodriguezj@cy-tech.fr","mdpEtu":"f?eZrJG21k","numEtu":22743600,"filiere":"MF","moyGen":10.2842270028,"listeVoeux":null,"resultat":null},{"nom":"Pitts","prenom":"Michelle","mail":"pittsm@cy-tech.fr","mdpEtu":"D%]+Bk=Bi~","numEtu":22457904,"filiere":"MF","moyGen":15.4389691466,"listeVoeux":null,"resultat":null},{"nom":"Powell","prenom":"Andre","mail":"powella@cy-tech.fr","mdpEtu":"H,)|S43~7[","numEtu":22970929,"filiere":"MI","moyGen":19.7681659006,"listeVoeux":null,"resultat":null},{"nom":"Noble","prenom":"Debra","mail":"nobled@cy-tech.fr","mdpEtu":"R<#%(Ux?VF","numEtu":22131764,"filiere":"MF","moyGen":14.7688572768,"listeVoeux":null,"resultat":null},{"nom":"Moore","prenom":"John","mail":"moorej@cy-tech.fr","mdpEtu":"3.=24}'~`6","numEtu":22261814,"filiere":"GI","moyGen":11.4478452409,"listeVoeux":null,"resultat":null},{"nom":"Diaz","prenom":"Russell","mail":"diazr@cy-tech.fr","mdpEtu":"@=*4?wClJ\/","numEtu":22458935,"filiere":"GI","moyGen":18.9727326662,"listeVoeux":null,"resultat":null},{"nom":"Martin","prenom":"Greg","mail":"marting@cy-tech.fr","mdpEtu":"ay?T7OOdU4","numEtu":22909496,"filiere":"GI","moyGen":10.043083344,"listeVoeux":null,"resultat":null},{"nom":"Hernandez","prenom":"Maria","mail":"hernandezm@cy-tech.fr","mdpEtu":";)%{*E2<)G","numEtu":22144057,"filiere":"GI","moyGen":14.8344431686,"listeVoeux":null,"resultat":null},{"nom":"Christensen","prenom":"Lawrence","mail":"christensenl@cy-tech.fr","mdpEtu":",rt^l]]&\\s","numEtu":22102587,"filiere":"MI","moyGen":16.3989945131,"listeVoeux":null,"resultat":null},{"nom":"Harper","prenom":"Andrea","mail":"harpera@cy-tech.fr","mdpEtu":"v%]E[S0,AS","numEtu":22501950,"filiere":"MI","moyGen":18.3670297091,"listeVoeux":null,"resultat":null},{"nom":"Carlson","prenom":"Angela","mail":"carlsona@cy-tech.fr","mdpEtu":"4rd6Sl8JW,","numEtu":22986304,"filiere":"MF","moyGen":11.0401964127,"listeVoeux":null,"resultat":null},{"nom":"Sanders","prenom":"Dennis","mail":"sandersd@cy-tech.fr","mdpEtu":"{~`IA;w;%~","numEtu":22712385,"filiere":"MF","moyGen":13.6098207513,"listeVoeux":null,"resultat":null},{"nom":"Sullivan","prenom":"James","mail":"sullivanj@cy-tech.fr","mdpEtu":"H#<6i^P|gD","numEtu":22270019,"filiere":"MF","moyGen":14.8110635625,"listeVoeux":null,"resultat":null},{"nom":"Woods","prenom":"Jackie","mail":"woodsj@cy-tech.fr","mdpEtu":"K}hw>\/5Ov6","numEtu":22865477,"filiere":"MF","moyGen":10.8033924162,"listeVoeux":null,"resultat":null},{"nom":"Roberts","prenom":"Robert","mail":"robertsr@cy-tech.fr","mdpEtu":"\"1ta5d_N~i","numEtu":22160969,"filiere":"GI","moyGen":19.7459862477,"listeVoeux":null,"resultat":null},{"nom":"Walton","prenom":"Marcia","mail":"waltonm@cy-tech.fr","mdpEtu":"6g?j)oVt+H","numEtu":22895177,"filiere":"GI","moyGen":10.8832319924,"listeVoeux":null,"resultat":null},{"nom":"Watkins","prenom":"Christopher","mail":"watkinsc@cy-tech.fr","mdpEtu":"0x]uTSt^GI","numEtu":22864460,"filiere":"MI","moyGen":15.3545400023,"listeVoeux":null,"resultat":null},{"nom":"Walters","prenom":"James","mail":"waltersj@cy-tech.fr","mdpEtu":"fDNuMG\/UWQ","numEtu":22359117,"filiere":"GI","moyGen":19.4452268961,"listeVoeux":null,"resultat":null},{"nom":"Clark","prenom":"Ryan","mail":"clarkr@cy-tech.fr","mdpEtu":"*#_(M*cUqa","numEtu":22883407,"filiere":"GI","moyGen":13.1566033221,"listeVoeux":null,"resultat":null},{"nom":"Fuller","prenom":"Michael","mail":"fullerm@cy-tech.fr","mdpEtu":"%tT~dbT\/|?","numEtu":22487632,"filiere":"MI","moyGen":18.0290451884,"listeVoeux":null,"resultat":null},{"nom":"Schneider","prenom":"Andrew","mail":"schneidera@cy-tech.fr","mdpEtu":"MXex^y\"!}v","numEtu":22808661,"filiere":"MF","moyGen":12.3419026269,"listeVoeux":null,"resultat":null},{"nom":"Snyder","prenom":"Sheryl","mail":"snyders@cy-tech.fr","mdpEtu":"U;$gYSu=-(","numEtu":22654550,"filiere":"MF","moyGen":15.2919360342,"listeVoeux":null,"resultat":null},{"nom":"Nichols","prenom":"Kimberly","mail":"nicholsk@cy-tech.fr","mdpEtu":"F`\\NH`d+*\\","numEtu":22447704,"filiere":"MI","moyGen":14.9152730993,"listeVoeux":null,"resultat":null},{"nom":"Ayers","prenom":"Karen","mail":"ayersk@cy-tech.fr","mdpEtu":"*KI.T[l\/D]","numEtu":22851162,"filiere":"GI","moyGen":11.5275819827,"listeVoeux":null,"resultat":null},{"nom":"Shepard","prenom":"Monica","mail":"shepardm@cy-tech.fr","mdpEtu":"jq?u--6(~R","numEtu":22224987,"filiere":"GI","moyGen":16.5891308396,"listeVoeux":null,"resultat":null},{"nom":"Stein","prenom":"Carl","mail":"steinc@cy-tech.fr","mdpEtu":"t^o([\\b`Ra","numEtu":22521436,"filiere":"MF","moyGen":18.9489212356,"listeVoeux":null,"resultat":null},{"nom":"Cabrera","prenom":"Timothy","mail":"cabrerat@cy-tech.fr","mdpEtu":"vr;0((?'HZ","numEtu":22872667,"filiere":"MI","moyGen":15.3923419357,"listeVoeux":null,"resultat":null},{"nom":"Griffin","prenom":"Garrett","mail":"griffing@cy-tech.fr","mdpEtu":"T&E]rXQ$YY","numEtu":22514785,"filiere":"MI","moyGen":18.892370538,"listeVoeux":null,"resultat":null},{"nom":"George","prenom":"Joshua","mail":"georgej@cy-tech.fr","mdpEtu":"#{q`w=5Xeg","numEtu":22207585,"filiere":"MI","moyGen":19.405288415,"listeVoeux":null,"resultat":null},{"nom":"Williams","prenom":"Kristen","mail":"williamsk@cy-tech.fr","mdpEtu":"AVtf}A.&aR","numEtu":22407778,"filiere":"GI","moyGen":17.2757158258,"listeVoeux":null,"resultat":null},{"nom":"Boyd","prenom":"Steven","mail":"boyds@cy-tech.fr","mdpEtu":"t0D[A)e2&O","numEtu":22498916,"filiere":"MF","moyGen":16.4106123519,"listeVoeux":null,"resultat":null},{"nom":"Norton","prenom":"Erica","mail":"nortone@cy-tech.fr","mdpEtu":"nFVrC=u:q}","numEtu":22650469,"filiere":"MI","moyGen":10.9168599491,"listeVoeux":null,"resultat":null},{"nom":"Fox","prenom":"Kristy","mail":"foxk@cy-tech.fr","mdpEtu":"y-(J}=;*$0","numEtu":22497894,"filiere":"MI","moyGen":14.8844829485,"listeVoeux":null,"resultat":null},{"nom":"Long","prenom":"Breanna","mail":"longb@cy-tech.fr","mdpEtu":"%\\?Mqik#Bz","numEtu":22214758,"filiere":"GI","moyGen":16.3602841382,"listeVoeux":null,"resultat":null},{"nom":"Cooper","prenom":"Christopher","mail":"cooperc@cy-tech.fr","mdpEtu":"r?mSCAM*8z","numEtu":22204010,"filiere":"GI","moyGen":15.9563747564,"listeVoeux":null,"resultat":null},{"nom":"Walters","prenom":"Derek","mail":"waltersd@cy-tech.fr","mdpEtu":"Ebrhm,(o[D","numEtu":22362218,"filiere":"GI","moyGen":14.3695042724,"listeVoeux":null,"resultat":null},{"nom":"Brooks","prenom":"Catherine","mail":"brooksc@cy-tech.fr","mdpEtu":"'\/|fFBfRj5","numEtu":22206060,"filiere":"GI","moyGen":19.3628448784,"listeVoeux":null,"resultat":null},{"nom":"Cole","prenom":"Carly","mail":"colec@cy-tech.fr","mdpEtu":"Mk4U}C@2dd","numEtu":22361706,"filiere":"MI","moyGen":18.5554289444,"listeVoeux":null,"resultat":null},{"nom":"Perez","prenom":"Norma","mail":"perezn@cy-tech.fr","mdpEtu":"?AeYje_rT5","numEtu":22546542,"filiere":"GI","moyGen":10.1771193417,"listeVoeux":null,"resultat":null},{"nom":"Rodriguez","prenom":"Mario","mail":"rodriguezm@cy-tech.fr","mdpEtu":")vm-8%6~@:","numEtu":22890607,"filiere":"MF","moyGen":11.4935507489,"listeVoeux":null,"resultat":null},{"nom":"Miller","prenom":"Lisa","mail":"millerl@cy-tech.fr","mdpEtu":"9(@@1,4<Kv","numEtu":22159473,"filiere":"MI","moyGen":18.8602850452,"listeVoeux":null,"resultat":null},{"nom":"Harrington","prenom":"Karen","mail":"harringtonk@cy-tech.fr","mdpEtu":"(n9mHrj^%c","numEtu":22213747,"filiere":"MF","moyGen":13.379014711,"listeVoeux":null,"resultat":null},{"nom":"Cruz","prenom":"Austin","mail":"cruza@cy-tech.fr","mdpEtu":"9FMz3r$l\"j","numEtu":22983796,"filiere":"MF","moyGen":13.8245761249,"listeVoeux":null,"resultat":null},{"nom":"Harris","prenom":"Jason","mail":"harrisj@cy-tech.fr","mdpEtu":"xM?fSX*7;a","numEtu":22474871,"filiere":"MI","moyGen":12.5510040548,"listeVoeux":null,"resultat":null},{"nom":"Nelson","prenom":"Nicholas","mail":"nelsonn@cy-tech.fr","mdpEtu":"k_YH,lYHMr","numEtu":22331517,"filiere":"MF","moyGen":15.3936219447,"listeVoeux":null,"resultat":null},{"nom":"Rodriguez","prenom":"Megan","mail":"rodriguezm@cy-tech.fr","mdpEtu":"m@t}>LIV?D","numEtu":22600829,"filiere":"MI","moyGen":11.6950061108,"listeVoeux":null,"resultat":null},{"nom":"Graham","prenom":"Pamela","mail":"grahamp@cy-tech.fr","mdpEtu":"hXH+.hN,nv","numEtu":22363261,"filiere":"MF","moyGen":17.21591941,"listeVoeux":null,"resultat":null},{"nom":"Green","prenom":"Cheryl","mail":"greenc@cy-tech.fr","mdpEtu":"uP6uLob@fw","numEtu":22344833,"filiere":"MI","moyGen":10.7041611202,"listeVoeux":null,"resultat":null},{"nom":"Freeman","prenom":"David","mail":"freemand@cy-tech.fr","mdpEtu":"<3r^yN`a8*","numEtu":22770817,"filiere":"MI","moyGen":11.3026423947,"listeVoeux":null,"resultat":null},{"nom":"Maxwell","prenom":"Priscilla","mail":"maxwellp@cy-tech.fr","mdpEtu":"63{AQaI{{W","numEtu":22832259,"filiere":"GI","moyGen":19.2747626264,"listeVoeux":null,"resultat":null},{"nom":"Lee","prenom":"Carol","mail":"leec@cy-tech.fr","mdpEtu":"wE<9cwA&Ca","numEtu":22280331,"filiere":"GI","moyGen":17.6606080269,"listeVoeux":null,"resultat":null},{"nom":"Taylor","prenom":"Lisa","mail":"taylorl@cy-tech.fr","mdpEtu":"^OC{1dAP_b","numEtu":22263438,"filiere":"GI","moyGen":19.0987747705,"listeVoeux":null,"resultat":null},{"nom":"Christensen","prenom":"Heather","mail":"christensenh@cy-tech.fr","mdpEtu":"Vf@CxhjGMe","numEtu":22220437,"filiere":"GI","moyGen":17.1346429704,"listeVoeux":null,"resultat":null},{"nom":"Bailey","prenom":"Christopher","mail":"baileyc@cy-tech.fr","mdpEtu":"s~A3j7$$c^","numEtu":22513818,"filiere":"MI","moyGen":14.9104268814,"listeVoeux":null,"resultat":null},{"nom":"Curtis","prenom":"Angela","mail":"curtisa@cy-tech.fr","mdpEtu":"T`'xOE6<e3","numEtu":22350492,"filiere":"MI","moyGen":19.5376653903,"listeVoeux":null,"resultat":null},{"nom":"Carpenter","prenom":"Walter","mail":"carpenterw@cy-tech.fr","mdpEtu":"(eW83<9X|D","numEtu":22952606,"filiere":"MI","moyGen":18.5140664988,"listeVoeux":null,"resultat":null},{"nom":"Ruiz","prenom":"Damon","mail":"ruizd@cy-tech.fr","mdpEtu":"eL)1yV@B|:","numEtu":22832287,"filiere":"MF","moyGen":11.0683932843,"listeVoeux":null,"resultat":null},{"nom":"Michael","prenom":"Jeremy","mail":"michaelj@cy-tech.fr","mdpEtu":"v&m^pa.tM=","numEtu":22245025,"filiere":"MF","moyGen":15.0966271014,"listeVoeux":null,"resultat":null},{"nom":"Roth","prenom":"Daniel","mail":"rothd@cy-tech.fr","mdpEtu":"w8geK4uB5\/","numEtu":22226082,"filiere":"MF","moyGen":10.9305762832,"listeVoeux":null,"resultat":null},{"nom":"Galloway","prenom":"Stacey","mail":"galloways@cy-tech.fr","mdpEtu":"lk2Hn\\AC>!","numEtu":22923427,"filiere":"MI","moyGen":14.418115809,"listeVoeux":null,"resultat":null},{"nom":"Shaw","prenom":"April","mail":"shawa@cy-tech.fr","mdpEtu":"h'_!y5R3yS","numEtu":22340772,"filiere":"MI","moyGen":15.5658536499,"listeVoeux":null,"resultat":null},{"nom":"Thompson","prenom":"Sarah","mail":"thompsons@cy-tech.fr","mdpEtu":"`C\\VfmkTV[","numEtu":22319778,"filiere":"MI","moyGen":18.1490014708,"listeVoeux":null,"resultat":null},{"nom":"Green","prenom":"Mark","mail":"greenm@cy-tech.fr","mdpEtu":"S4j5JNgx<h","numEtu":22944934,"filiere":"GI","moyGen":16.3881133416,"listeVoeux":null,"resultat":null},{"nom":"Jones","prenom":"Caroline","mail":"jonesc@cy-tech.fr","mdpEtu":"%r.f{~DF}X","numEtu":22558887,"filiere":"MF","moyGen":12.9889576087,"listeVoeux":null,"resultat":null},{"nom":"Rodriguez","prenom":"Hayley","mail":"rodriguezh@cy-tech.fr","mdpEtu":"z('~jQ?Zlg","numEtu":22072488,"filiere":"MF","moyGen":11.5420509258,"listeVoeux":null,"resultat":null},{"nom":"Duncan","prenom":"Julia","mail":"duncanj@cy-tech.fr","mdpEtu":"p)uFlC<<D8","numEtu":22355625,"filiere":"MI","moyGen":14.6889213104,"listeVoeux":null,"resultat":null},{"nom":"Decker","prenom":"Beverly","mail":"deckerb@cy-tech.fr","mdpEtu":"-)'HRhKH3r","numEtu":22887591,"filiere":"GI","moyGen":19.2928353904,"listeVoeux":null,"resultat":null},{"nom":"Pitts","prenom":"Marissa","mail":"pittsm@cy-tech.fr","mdpEtu":"y>Z`'*u=}=","numEtu":22951078,"filiere":"MI","moyGen":12.8775764858,"listeVoeux":null,"resultat":null},{"nom":"Gallagher","prenom":"Troy","mail":"gallaghert@cy-tech.fr","mdpEtu":"\"}EbrB$2}#","numEtu":22741164,"filiere":"MF","moyGen":10.3193260978,"listeVoeux":null,"resultat":null},{"nom":"Perry","prenom":"Mary","mail":"perrym@cy-tech.fr","mdpEtu":"#4bf#R~pQ,","numEtu":22288046,"filiere":"GI","moyGen":19.2508676605,"listeVoeux":null,"resultat":null},{"nom":"Hudson","prenom":"Seth","mail":"hudsons@cy-tech.fr","mdpEtu":"bL!EHL}&zI","numEtu":22448304,"filiere":"GI","moyGen":16.1527424007,"listeVoeux":null,"resultat":null},{"nom":"Cunningham","prenom":"Ashley","mail":"cunninghama@cy-tech.fr","mdpEtu":"P0OzvG<#v6","numEtu":22184624,"filiere":"MI","moyGen":11.5498622769,"listeVoeux":null,"resultat":null},{"nom":"Harris","prenom":"Amy","mail":"harrisa@cy-tech.fr","mdpEtu":"DYim9wdr7{","numEtu":22174899,"filiere":"MI","moyGen":14.2753092647,"listeVoeux":null,"resultat":null},{"nom":"Russell","prenom":"Heather","mail":"russellh@cy-tech.fr","mdpEtu":"6LA:F^d;SC","numEtu":22108339,"filiere":"GI","moyGen":14.7955636432,"listeVoeux":null,"resultat":null},{"nom":"Zimmerman","prenom":"Brent","mail":"zimmermanb@cy-tech.fr","mdpEtu":"t^A4.{l>Ii","numEtu":22291125,"filiere":"MI","moyGen":11.0496536272,"listeVoeux":null,"resultat":null},{"nom":"Gallagher","prenom":"Amanda","mail":"gallaghera@cy-tech.fr","mdpEtu":"J\/K#Wj~cs\\","numEtu":22181560,"filiere":"MI","moyGen":14.6761224023,"listeVoeux":null,"resultat":null},{"nom":"Zimmerman","prenom":"Andrea","mail":"zimmermana@cy-tech.fr","mdpEtu":"2BOg*UN?*_","numEtu":22589115,"filiere":"MF","moyGen":15.1005473698,"listeVoeux":null,"resultat":null},{"nom":"Dickerson","prenom":"Patrick","mail":"dickersonp@cy-tech.fr","mdpEtu":":Gx\"Z2_;)r","numEtu":22685883,"filiere":"GI","moyGen":18.4729628488,"listeVoeux":null,"resultat":null},{"nom":"Edwards","prenom":"Gregory","mail":"edwardsg@cy-tech.fr","mdpEtu":"cX,z;)jvie","numEtu":22150342,"filiere":"GI","moyGen":18.1168819468,"listeVoeux":null,"resultat":null},{"nom":"Hendrix","prenom":"Cynthia","mail":"hendrixc@cy-tech.fr","mdpEtu":"vp\/-C{IWQ)","numEtu":22300360,"filiere":"MI","moyGen":17.4510292963,"listeVoeux":null,"resultat":null},{"nom":"Erickson","prenom":"Gina","mail":"ericksong@cy-tech.fr","mdpEtu":"\"&aem1\/*^r","numEtu":22056649,"filiere":"GI","moyGen":14.0068660261,"listeVoeux":null,"resultat":null},{"nom":"Johnson","prenom":"Emily","mail":"johnsone@cy-tech.fr","mdpEtu":"4.&nsi``)p","numEtu":22651596,"filiere":"GI","moyGen":13.4629166641,"listeVoeux":null,"resultat":null},{"nom":"Charles","prenom":"Paige","mail":"charlesp@cy-tech.fr","mdpEtu":"Y3E^du}?\"p","numEtu":22311628,"filiere":"MF","moyGen":18.666316287,"listeVoeux":null,"resultat":null},{"nom":"Compton","prenom":"Rebecca","mail":"comptonr@cy-tech.fr","mdpEtu":"@I{K!I3<E6","numEtu":22205134,"filiere":"MF","moyGen":12.1286363543,"listeVoeux":null,"resultat":null},{"nom":"Chapman","prenom":"Jerome","mail":"chapmanj@cy-tech.fr","mdpEtu":"S\\\\~`[E\"qt","numEtu":22175438,"filiere":"MF","moyGen":16.3478527798,"listeVoeux":null,"resultat":null},{"nom":"Little","prenom":"Anthony","mail":"littlea@cy-tech.fr","mdpEtu":"pe{)>X73'k","numEtu":22591701,"filiere":"MF","moyGen":10.6817979348,"listeVoeux":null,"resultat":null},{"nom":"Ramirez","prenom":"Heather","mail":"ramirezh@cy-tech.fr","mdpEtu":"k-X~vIM@__","numEtu":22374102,"filiere":"MI","moyGen":18.529921603,"listeVoeux":null,"resultat":null},{"nom":"Black","prenom":"Shawn","mail":"blacks@cy-tech.fr","mdpEtu":"Zu<daaYwO]","numEtu":22540505,"filiere":"MI","moyGen":13.7052377911,"listeVoeux":null,"resultat":null},{"nom":"Munoz","prenom":"Dustin","mail":"munozd@cy-tech.fr","mdpEtu":"v&$rAh&@F$","numEtu":22121180,"filiere":"MF","moyGen":10.9830444239,"listeVoeux":null,"resultat":null},{"nom":"Scott","prenom":"Alisha","mail":"scotta@cy-tech.fr","mdpEtu":"6Bz\"HBxA\"%","numEtu":22794461,"filiere":"MF","moyGen":10.7285398945,"listeVoeux":null,"resultat":null},{"nom":"Blevins","prenom":"Tyler","mail":"blevinst@cy-tech.fr","mdpEtu":"ye-LqXLq5j","numEtu":22116578,"filiere":"GI","moyGen":16.1787049799,"listeVoeux":null,"resultat":null},{"nom":"Ray","prenom":"Christopher","mail":"rayc@cy-tech.fr","mdpEtu":"q:^52!7B?P","numEtu":22724837,"filiere":"MI","moyGen":17.4323286387,"listeVoeux":null,"resultat":null},{"nom":"Gilbert","prenom":"Patrick","mail":"gilbertp@cy-tech.fr","mdpEtu":"iNIN]gW\/Fz","numEtu":22600423,"filiere":"GI","moyGen":18.2525636573,"listeVoeux":null,"resultat":null},{"nom":"Robbins","prenom":"Joseph","mail":"robbinsj@cy-tech.fr","mdpEtu":"@4\\h?Jv:k,","numEtu":22914279,"filiere":"MI","moyGen":18.6186658661,"listeVoeux":null,"resultat":null},{"nom":"Gutierrez","prenom":"Jessica","mail":"gutierrezj@cy-tech.fr","mdpEtu":",w\"%c{Q.YO","numEtu":22732519,"filiere":"MI","moyGen":12.7457559684,"listeVoeux":null,"resultat":null},{"nom":"Carrillo","prenom":"Gary","mail":"carrillog@cy-tech.fr","mdpEtu":"$ho5H1*Mf1","numEtu":22100711,"filiere":"MF","moyGen":17.3217216813,"listeVoeux":null,"resultat":null},{"nom":"Fernandez","prenom":"Allen","mail":"fernandeza@cy-tech.fr","mdpEtu":",2\\_k.ayK\"","numEtu":22737641,"filiere":"MI","moyGen":19.9520818077,"listeVoeux":null,"resultat":null},{"nom":"Rivera","prenom":"Penny","mail":"riverap@cy-tech.fr","mdpEtu":"!1H8XXm'xe","numEtu":22966503,"filiere":"GI","moyGen":15.5557287851,"listeVoeux":null,"resultat":null},{"nom":"Morgan","prenom":"Douglas","mail":"morgand@cy-tech.fr","mdpEtu":"Zi[TO-QwI8","numEtu":22014702,"filiere":"MI","moyGen":12.449614689,"listeVoeux":null,"resultat":null},{"nom":"Jacobs","prenom":"Kyle","mail":"jacobsk@cy-tech.fr","mdpEtu":"TEv8o[^V`k","numEtu":22590703,"filiere":"MF","moyGen":19.7991131198,"listeVoeux":null,"resultat":null},{"nom":"Lewis","prenom":"Juan","mail":"lewisj@cy-tech.fr","mdpEtu":"]x89Tm`S:T","numEtu":22842096,"filiere":"MF","moyGen":18.0930218423,"listeVoeux":null,"resultat":null},{"nom":"Moore","prenom":"Mary","mail":"moorem@cy-tech.fr","mdpEtu":"\/R{js(\\>Gj","numEtu":22615279,"filiere":"GI","moyGen":18.2415042206,"listeVoeux":null,"resultat":null},{"nom":"Martinez","prenom":"Ryan","mail":"martinezr@cy-tech.fr","mdpEtu":"D(Pn=Z*cF0","numEtu":22167281,"filiere":"GI","moyGen":16.5325929349,"listeVoeux":null,"resultat":null},{"nom":"Cameron","prenom":"Rebecca","mail":"cameronr@cy-tech.fr","mdpEtu":"sF79\\@T(c~","numEtu":22722803,"filiere":"MI","moyGen":11.9983896828,"listeVoeux":null,"resultat":null},{"nom":"Holmes","prenom":"Roger","mail":"holmesr@cy-tech.fr","mdpEtu":"0NZYM6Yns[","numEtu":22455028,"filiere":"MF","moyGen":19.7088732819,"listeVoeux":null,"resultat":null},{"nom":"Wood","prenom":"Jennifer","mail":"woodj@cy-tech.fr","mdpEtu":"E:)vA-iQ@)","numEtu":22771444,"filiere":"MI","moyGen":16.9980969422,"listeVoeux":null,"resultat":null},{"nom":"Tucker","prenom":"Whitney","mail":"tuckerw@cy-tech.fr","mdpEtu":"cv.%>%8pK9","numEtu":22994172,"filiere":"MI","moyGen":17.965957144,"listeVoeux":null,"resultat":null},{"nom":"Atkinson","prenom":"Catherine","mail":"atkinsonc@cy-tech.fr","mdpEtu":"cP.xR%.iM'","numEtu":22036733,"filiere":"MF","moyGen":10.745951504,"listeVoeux":null,"resultat":null},{"nom":"Dawson","prenom":"William","mail":"dawsonw@cy-tech.fr","mdpEtu":">bP+[\\l\\=z","numEtu":22688510,"filiere":"MI","moyGen":16.8487802209,"listeVoeux":null,"resultat":null},{"nom":"Mcmahon","prenom":"Jasmine","mail":"mcmahonj@cy-tech.fr","mdpEtu":"-88JHk8o(@","numEtu":22894849,"filiere":"MI","moyGen":16.4070468888,"listeVoeux":null,"resultat":null},{"nom":"Combs","prenom":"Jennifer","mail":"combsj@cy-tech.fr","mdpEtu":"5C.c{f4lF]","numEtu":22441218,"filiere":"MI","moyGen":14.6030348458,"listeVoeux":null,"resultat":null},{"nom":"Mays","prenom":"Justin","mail":"maysj@cy-tech.fr","mdpEtu":"Q4*t\"<MB4(","numEtu":22900996,"filiere":"MI","moyGen":11.5182904862,"listeVoeux":null,"resultat":null},{"nom":"Mann","prenom":"Emily","mail":"manne@cy-tech.fr","mdpEtu":0,"numEtu":22545669,"filiere":"MF","moyGen":11.2496957629,"listeVoeux":null,"resultat":null},{"nom":"Roberts","prenom":"Diane","mail":"robertsd@cy-tech.fr","mdpEtu":"V!4WKqJJ|K","numEtu":22569735,"filiere":"GI","moyGen":14.3203872901,"listeVoeux":null,"resultat":null},{"nom":"Robinson","prenom":"Anita","mail":"robinsona@cy-tech.fr","mdpEtu":"218I\/j!:N~","numEtu":22944010,"filiere":"MI","moyGen":12.8247275266,"listeVoeux":null,"resultat":null},{"nom":"Hall","prenom":"Wendy","mail":"hallw@cy-tech.fr","mdpEtu":"d;<j{CkUW&","numEtu":22990091,"filiere":"MI","moyGen":17.6166575037,"listeVoeux":null,"resultat":null},{"nom":"Jones","prenom":"Joseph","mail":"jonesj@cy-tech.fr","mdpEtu":"wblNah\/mwc","numEtu":22003471,"filiere":"MI","moyGen":16.0143194385,"listeVoeux":null,"resultat":null},{"nom":"Hudson","prenom":"Audrey","mail":"hudsona@cy-tech.fr","mdpEtu":"r([w16BbPh","numEtu":22512409,"filiere":"GI","moyGen":14.2899309358,"listeVoeux":null,"resultat":null},{"nom":"Murphy","prenom":"Eric","mail":"murphye@cy-tech.fr","mdpEtu":"QIGH'$:bLb","numEtu":22781723,"filiere":"GI","moyGen":16.096847411,"listeVoeux":null,"resultat":null},{"nom":"Smith","prenom":"Laura","mail":"smithl@cy-tech.fr","mdpEtu":"?nME[!T*_(","numEtu":22136604,"filiere":"MF","moyGen":17.5333625667,"listeVoeux":null,"resultat":null},{"nom":"Stone","prenom":"Kristin","mail":"stonek@cy-tech.fr","mdpEtu":"J3M<mosZzI","numEtu":22186269,"filiere":"MF","moyGen":11.5169406147,"listeVoeux":null,"resultat":null},{"nom":"White","prenom":"Kimberly","mail":"whitek@cy-tech.fr","mdpEtu":"U^{P;fBD@1","numEtu":22676764,"filiere":"GI","moyGen":13.0106016273,"listeVoeux":null,"resultat":null},{"nom":"Marshall","prenom":"Jade","mail":"marshallj@cy-tech.fr","mdpEtu":"Syf%#$&SS5","numEtu":22230303,"filiere":"GI","moyGen":10.9636227212,"listeVoeux":null,"resultat":null},{"nom":"Patrick","prenom":"David","mail":"patrickd@cy-tech.fr","mdpEtu":"zdWJivTS7C","numEtu":22843679,"filiere":"MF","moyGen":14.6068514149,"listeVoeux":null,"resultat":null},{"nom":"Mccarty","prenom":"Kelly","mail":"mccartyk@cy-tech.fr","mdpEtu":"lyAEWZj7%q","numEtu":22137119,"filiere":"MF","moyGen":14.6226324997,"listeVoeux":null,"resultat":null},{"nom":"Poole","prenom":"Dwayne","mail":"pooled@cy-tech.fr","mdpEtu":"OmJ5pAeee)","numEtu":22215965,"filiere":"GI","moyGen":12.9029490113,"listeVoeux":null,"resultat":null},{"nom":"Palmer","prenom":"Jeffrey","mail":"palmerj@cy-tech.fr","mdpEtu":"-PW\/X\/[}LH","numEtu":22647074,"filiere":"GI","moyGen":15.1822862786,"listeVoeux":null,"resultat":null},{"nom":"Olsen","prenom":"Donald","mail":"olsend@cy-tech.fr","mdpEtu":"f)V%{[wr]?","numEtu":22030117,"filiere":"MI","moyGen":11.9557811054,"listeVoeux":null,"resultat":null},{"nom":"Murphy","prenom":"Matthew","mail":"murphym@cy-tech.fr","mdpEtu":"V_ID.!9)a<","numEtu":22755112,"filiere":"MI","moyGen":14.1491658594,"listeVoeux":null,"resultat":null},{"nom":"Taylor","prenom":"Natalie","mail":"taylorn@cy-tech.fr","mdpEtu":"`nbveu{^\"8","numEtu":22410025,"filiere":"MF","moyGen":16.3927935153,"listeVoeux":null,"resultat":null},{"nom":"Garcia","prenom":"Kyle","mail":"garciak@cy-tech.fr","mdpEtu":"~_fIy@9WBL","numEtu":22213931,"filiere":"MI","moyGen":14.3087312447,"listeVoeux":null,"resultat":null},{"nom":"Ross","prenom":"Matthew","mail":"rossm@cy-tech.fr","mdpEtu":",&-s~=5f',","numEtu":22890796,"filiere":"MF","moyGen":18.3697622386,"listeVoeux":null,"resultat":null},{"nom":"Jimenez","prenom":"Mary","mail":"jimenezm@cy-tech.fr","mdpEtu":"n8+5a-VdQ|","numEtu":22595373,"filiere":"GI","moyGen":13.1810471085,"listeVoeux":null,"resultat":null},{"nom":"Shea","prenom":"Larry","mail":"sheal@cy-tech.fr","mdpEtu":"v.&LubiE[)","numEtu":22050605,"filiere":"MI","moyGen":10.4305666646,"listeVoeux":null,"resultat":null},{"nom":"Johnson","prenom":"Susan","mail":"johnsons@cy-tech.fr","mdpEtu":"D4<hmb|Q<R","numEtu":22499632,"filiere":"MI","moyGen":19.4895709334,"listeVoeux":null,"resultat":null},{"nom":"Turner","prenom":"Stephen","mail":"turners@cy-tech.fr","mdpEtu":"gY_3QjbG2*","numEtu":22711089,"filiere":"MF","moyGen":11.5961350929,"listeVoeux":null,"resultat":null},{"nom":"Hughes","prenom":"Jo","mail":"hughesj@cy-tech.fr","mdpEtu":"2MEKC!Z5DH","numEtu":22664498,"filiere":"MF","moyGen":18.79024617,"listeVoeux":null,"resultat":null},{"nom":"Jimenez","prenom":"Vernon","mail":"jimenezv@cy-tech.fr","mdpEtu":"hr*kmMx)\"?","numEtu":22927667,"filiere":"MI","moyGen":19.0260697323,"listeVoeux":null,"resultat":null},{"nom":"Washington","prenom":"Mary","mail":"washingtonm@cy-tech.fr","mdpEtu":"CCa_?xLAey","numEtu":22208821,"filiere":"GI","moyGen":15.595666397,"listeVoeux":null,"resultat":null},{"nom":"Myers","prenom":"Mary","mail":"myersm@cy-tech.fr","mdpEtu":"v^>1JTj~W_","numEtu":22224193,"filiere":"MI","moyGen":13.6985287129,"listeVoeux":null,"resultat":null},{"nom":"Wilson","prenom":"Richard","mail":"wilsonr@cy-tech.fr","mdpEtu":"(x9ZYYBa,V","numEtu":22891844,"filiere":"GI","moyGen":12.3792690451,"listeVoeux":null,"resultat":null},{"nom":"Norton","prenom":"Daniel","mail":"nortond@cy-tech.fr","mdpEtu":"'=OMecN5du","numEtu":22534981,"filiere":"MF","moyGen":15.9923263874,"listeVoeux":null,"resultat":null},{"nom":"Arias","prenom":"Kevin","mail":"ariask@cy-tech.fr","mdpEtu":"R39p|D%<j@","numEtu":22859081,"filiere":"MF","moyGen":11.0138317382,"listeVoeux":null,"resultat":null},{"nom":"Ortiz","prenom":"Stephanie","mail":"ortizs@cy-tech.fr","mdpEtu":"*sOtQ8CyI>","numEtu":22437706,"filiere":"GI","moyGen":17.8057640747,"listeVoeux":null,"resultat":null},{"nom":"Avery","prenom":"Christina","mail":"averyc@cy-tech.fr","mdpEtu":"vkYD|~Hu$w","numEtu":22517070,"filiere":"MF","moyGen":11.087659257,"listeVoeux":null,"resultat":null},{"nom":"Carey","prenom":"Gina","mail":"careyg@cy-tech.fr","mdpEtu":"NPu}H}%~B\/","numEtu":22093138,"filiere":"MI","moyGen":12.5081422267,"listeVoeux":null,"resultat":null},{"nom":"Wilkinson","prenom":"Michael","mail":"wilkinsonm@cy-tech.fr","mdpEtu":"b=oRTS]1wI","numEtu":22296402,"filiere":"GI","moyGen":14.1225901964,"listeVoeux":null,"resultat":null},{"nom":"Schultz","prenom":"Ronnie","mail":"schultzr@cy-tech.fr","mdpEtu":"{>XnsQS}H<","numEtu":22661460,"filiere":"MI","moyGen":13.9530547009,"listeVoeux":null,"resultat":null},{"nom":"Thompson","prenom":"Harold","mail":"thompsonh@cy-tech.fr","mdpEtu":"rf0ebJbUl[","numEtu":22309719,"filiere":"GI","moyGen":13.3700677835,"listeVoeux":null,"resultat":null},{"nom":"Simmons","prenom":"Robert","mail":"simmonsr@cy-tech.fr","mdpEtu":"-Z~Y)s~x\\^","numEtu":22677336,"filiere":"MI","moyGen":15.7303067013,"listeVoeux":null,"resultat":null},{"nom":"Ross","prenom":"Wendy","mail":"rossw@cy-tech.fr","mdpEtu":"Z<]?_bs2Jz","numEtu":22905689,"filiere":"GI","moyGen":19.8879469608,"listeVoeux":null,"resultat":null},{"nom":"House","prenom":"Linda","mail":"housel@cy-tech.fr","mdpEtu":"x?s,J1nJwm","numEtu":22870874,"filiere":"GI","moyGen":17.1105765199,"listeVoeux":null,"resultat":null},{"nom":"Gutierrez","prenom":"Henry","mail":"gutierrezh@cy-tech.fr","mdpEtu":"agjjlE7(Q'","numEtu":22556507,"filiere":"MI","moyGen":16.8793764046,"listeVoeux":null,"resultat":null},{"nom":"Boyer","prenom":"Carol","mail":"boyerc@cy-tech.fr","mdpEtu":"@[Cm,@[^%{","numEtu":22483805,"filiere":"MI","moyGen":10.1864100571,"listeVoeux":null,"resultat":null},{"nom":"Perez","prenom":"Gina","mail":"perezg@cy-tech.fr","mdpEtu":"0sN#l_P{e[","numEtu":22275421,"filiere":"GI","moyGen":14.9520136439,"listeVoeux":null,"resultat":null},{"nom":"Ayers","prenom":"Brian","mail":"ayersb@cy-tech.fr","mdpEtu":"[*sC=?EN|b","numEtu":22307677,"filiere":"GI","moyGen":14.1341185596,"listeVoeux":null,"resultat":null},{"nom":"Harrison","prenom":"Michael","mail":"harrisonm@cy-tech.fr","mdpEtu":"|?9K.qoHKO","numEtu":22374752,"filiere":"MF","moyGen":18.9911768661,"listeVoeux":null,"resultat":null},{"nom":"Bradford","prenom":"Steven","mail":"bradfords@cy-tech.fr","mdpEtu":")k@8Y@%$dV","numEtu":22678369,"filiere":"MF","moyGen":18.2365450465,"listeVoeux":null,"resultat":null},{"nom":"Stewart","prenom":"Jamie","mail":"stewartj@cy-tech.fr","mdpEtu":"l<L{:,T|PM","numEtu":22727525,"filiere":"MI","moyGen":19.2182759131,"listeVoeux":null,"resultat":null},{"nom":"Simmons","prenom":"Gail","mail":"simmonsg@cy-tech.fr","mdpEtu":"[-@9$`WXoW","numEtu":22817639,"filiere":"MF","moyGen":14.00658379,"listeVoeux":null,"resultat":null},{"nom":"Sampson","prenom":"Stephanie","mail":"sampsons@cy-tech.fr","mdpEtu":"Sx~T6~+C@H","numEtu":22076777,"filiere":"GI","moyGen":15.3559237528,"listeVoeux":null,"resultat":null},{"nom":"Graves","prenom":"Zachary","mail":"gravesz@cy-tech.fr","mdpEtu":"a?bJ=L^3'Q","numEtu":22644074,"filiere":"MF","moyGen":13.1501070944,"listeVoeux":null,"resultat":null},{"nom":"Arias","prenom":"Micheal","mail":"ariasm@cy-tech.fr","mdpEtu":"h3|Y!kc3%?","numEtu":22653801,"filiere":"MF","moyGen":18.0299875816,"listeVoeux":null,"resultat":null},{"nom":"Young","prenom":"Mark","mail":"youngm@cy-tech.fr","mdpEtu":"^6|rVJV6%F","numEtu":22811500,"filiere":"MF","moyGen":15.8364256322,"listeVoeux":null,"resultat":null},{"nom":"Garza","prenom":"Christopher","mail":"garzac@cy-tech.fr","mdpEtu":".zn&;A'.d(","numEtu":22057837,"filiere":"MI","moyGen":14.3444792451,"listeVoeux":null,"resultat":null},{"nom":"Hicks","prenom":"Nicole","mail":"hicksn@cy-tech.fr","mdpEtu":"G&xg]Ps.!I","numEtu":22365042,"filiere":"MF","moyGen":10.202482458,"listeVoeux":null,"resultat":null},{"nom":"Willis","prenom":"Brandy","mail":"willisb@cy-tech.fr","mdpEtu":"NRq{=IrcFb","numEtu":22612344,"filiere":"MI","moyGen":16.3696951465,"listeVoeux":null,"resultat":null},{"nom":"Sullivan","prenom":"Aaron","mail":"sullivana@cy-tech.fr","mdpEtu":"dq8;[YRm\"1","numEtu":22189434,"filiere":"MF","moyGen":18.3666393127,"listeVoeux":null,"resultat":null},{"nom":"Byrd","prenom":"Laura","mail":"byrdl@cy-tech.fr","mdpEtu":"A[J=>'H{}&","numEtu":22784892,"filiere":"GI","moyGen":17.812975579,"listeVoeux":null,"resultat":null},{"nom":"Powell","prenom":"Michael","mail":"powellm@cy-tech.fr","mdpEtu":"3g{YcoU@=r","numEtu":22300543,"filiere":"MF","moyGen":18.4380780688,"listeVoeux":null,"resultat":null},{"nom":"Clark","prenom":"Alvin","mail":"clarka@cy-tech.fr","mdpEtu":"NIm'>\\KZ-}","numEtu":22279039,"filiere":"MI","moyGen":15.4833101402,"listeVoeux":null,"resultat":null},{"nom":"Sanders","prenom":"Angela","mail":"sandersa@cy-tech.fr","mdpEtu":"\"*BANSH>0Z","numEtu":22351745,"filiere":"MF","moyGen":11.3813826835,"listeVoeux":null,"resultat":null},{"nom":"Powell","prenom":"Joshua","mail":"powellj@cy-tech.fr","mdpEtu":"#?.FR\"}cc3","numEtu":22327169,"filiere":"MI","moyGen":16.0131253345,"listeVoeux":null,"resultat":null},{"nom":"Washington","prenom":"Sean","mail":"washingtons@cy-tech.fr","mdpEtu":"4`NWG-Z][d","numEtu":22677377,"filiere":"MI","moyGen":18.0620681684,"listeVoeux":null,"resultat":null},{"nom":"Herman","prenom":"Daniel","mail":"hermand@cy-tech.fr","mdpEtu":"f~4q3'z`g)","numEtu":22558596,"filiere":"MF","moyGen":17.5391039251,"listeVoeux":null,"resultat":null},{"nom":"Perry","prenom":"Cynthia","mail":"perryc@cy-tech.fr","mdpEtu":"80@ia83Xtn","numEtu":22530948,"filiere":"MF","moyGen":16.8815183114,"listeVoeux":null,"resultat":null},{"nom":"Estrada","prenom":"Angela","mail":"estradaa@cy-tech.fr","mdpEtu":"3Q{D5)x]`x","numEtu":22547840,"filiere":"GI","moyGen":11.0337949457,"listeVoeux":null,"resultat":null},{"nom":"Armstrong","prenom":"Daniel","mail":"armstrongd@cy-tech.fr","mdpEtu":":g{*!2p'#D","numEtu":22920075,"filiere":"MI","moyGen":12.923084287,"listeVoeux":null,"resultat":null},{"nom":"Lopez","prenom":"Peter","mail":"lopezp@cy-tech.fr","mdpEtu":"5Oc]U!URO%","numEtu":22909841,"filiere":"MI","moyGen":18.5979979482,"listeVoeux":null,"resultat":null},{"nom":"Davis","prenom":"Roger","mail":"davisr@cy-tech.fr","mdpEtu":"(sVPVBb`3g","numEtu":22397842,"filiere":"MI","moyGen":10.8713167862,"listeVoeux":null,"resultat":null},{"nom":"Mcmillan","prenom":"Kathleen","mail":"mcmillank@cy-tech.fr","mdpEtu":"48(to.BOjt","numEtu":22524820,"filiere":"MI","moyGen":11.0537538078,"listeVoeux":null,"resultat":null},{"nom":"Nolan","prenom":"Ernest","mail":"nolane@cy-tech.fr","mdpEtu":"{5\\|F>skZw","numEtu":22585752,"filiere":"MI","moyGen":14.3021514554,"listeVoeux":null,"resultat":null},{"nom":"Carter","prenom":"Jessica","mail":"carterj@cy-tech.fr","mdpEtu":"rNXd1R(.\"*","numEtu":22883226,"filiere":"MF","moyGen":16.3531406471,"listeVoeux":null,"resultat":null},{"nom":"Brown","prenom":"Christopher","mail":"brownc@cy-tech.fr","mdpEtu":"X*v<A0tNs&","numEtu":22521755,"filiere":"MI","moyGen":11.1657456744,"listeVoeux":null,"resultat":null},{"nom":"Holland","prenom":"Rebecca","mail":"hollandr@cy-tech.fr","mdpEtu":",7[\\){*o:s","numEtu":22902173,"filiere":"MF","moyGen":19.4541801111,"listeVoeux":null,"resultat":null},{"nom":"Hall","prenom":"Steven","mail":"halls@cy-tech.fr","mdpEtu":"'<oHD-w${\/","numEtu":22266782,"filiere":"GI","moyGen":10.0161282882,"listeVoeux":null,"resultat":null},{"nom":"Kennedy","prenom":"Deanna","mail":"kennedyd@cy-tech.fr","mdpEtu":"pST$U{3%2a","numEtu":22437283,"filiere":"MF","moyGen":19.2917576917,"listeVoeux":null,"resultat":null},{"nom":"Stevenson","prenom":"Elizabeth","mail":"stevensone@cy-tech.fr","mdpEtu":"N#x(^&CtUe","numEtu":22176676,"filiere":"MF","moyGen":11.1738727779,"listeVoeux":null,"resultat":null},{"nom":"Santos","prenom":"James","mail":"santosj@cy-tech.fr","mdpEtu":"hxnV[Fz%''","numEtu":22307748,"filiere":"MF","moyGen":11.9538982468,"listeVoeux":null,"resultat":null},{"nom":"Miller","prenom":"Robin","mail":"millerr@cy-tech.fr","mdpEtu":"(-+7KW;NBG","numEtu":22140835,"filiere":"MI","moyGen":16.926455115,"listeVoeux":null,"resultat":null},{"nom":"Miller","prenom":"Andrew","mail":"millera@cy-tech.fr","mdpEtu":"4$H0\\*Ep4)","numEtu":22187432,"filiere":"GI","moyGen":12.6515381435,"listeVoeux":null,"resultat":null},{"nom":"Brown","prenom":"Daniel","mail":"brownd@cy-tech.fr","mdpEtu":"JR0_@m9?dE","numEtu":22214056,"filiere":"MF","moyGen":13.2422004553,"listeVoeux":null,"resultat":null},{"nom":"Johnson","prenom":"Jasmine","mail":"johnsonj@cy-tech.fr","mdpEtu":"jb(J%Smod_","numEtu":22875050,"filiere":"GI","moyGen":11.1550249544,"listeVoeux":null,"resultat":null},{"nom":"Anderson","prenom":"Katherine","mail":"andersonk@cy-tech.fr","mdpEtu":"^U!)J5+cpS","numEtu":22435755,"filiere":"MI","moyGen":13.0778755337,"listeVoeux":null,"resultat":null},{"nom":"Clark","prenom":"Gina","mail":"clarkg@cy-tech.fr","mdpEtu":"#X\/Ye*Z|5<","numEtu":22743980,"filiere":"MF","moyGen":18.4071618587,"listeVoeux":null,"resultat":null},{"nom":"Pope","prenom":"Nicholas","mail":"popen@cy-tech.fr","mdpEtu":"[(&.+J=C;&","numEtu":22073768,"filiere":"MF","moyGen":11.8941200018,"listeVoeux":null,"resultat":null},{"nom":"Contreras","prenom":"Sabrina","mail":"contrerass@cy-tech.fr","mdpEtu":"9mDC<Z$$X)","numEtu":22916528,"filiere":"MF","moyGen":12.0098467753,"listeVoeux":null,"resultat":null},{"nom":"Peters","prenom":"Patrick","mail":"petersp@cy-tech.fr","mdpEtu":"VEg||c!1|i","numEtu":22870967,"filiere":"MF","moyGen":19.0474765607,"listeVoeux":null,"resultat":null},{"nom":"Bryan","prenom":"Jerry","mail":"bryanj@cy-tech.fr","mdpEtu":"aFHMU8[0}8","numEtu":22464953,"filiere":"GI","moyGen":18.9443481612,"listeVoeux":null,"resultat":null},{"nom":"Caldwell","prenom":"Jerry","mail":"caldwellj@cy-tech.fr","mdpEtu":"+O7t,V.w2,","numEtu":22920635,"filiere":"MI","moyGen":17.5479000165,"listeVoeux":null,"resultat":null},{"nom":"Sutton","prenom":"Stephen","mail":"suttons@cy-tech.fr","mdpEtu":"PR24w\"?Ia@","numEtu":22595004,"filiere":"MF","moyGen":14.7244262419,"listeVoeux":null,"resultat":null},{"nom":"Wilson","prenom":"Wayne","mail":"wilsonw@cy-tech.fr","mdpEtu":"gd8hmY+`Tp","numEtu":22627264,"filiere":"GI","moyGen":12.2020846397,"listeVoeux":null,"resultat":null},{"nom":"Stokes","prenom":"Cody","mail":"stokesc@cy-tech.fr","mdpEtu":0,"numEtu":22598081,"filiere":"MI","moyGen":18.5076437241,"listeVoeux":null,"resultat":null},{"nom":"Santos","prenom":"Diane","mail":"santosd@cy-tech.fr","mdpEtu":"Y)UTK;'b4k","numEtu":22595522,"filiere":"GI","moyGen":19.1309206922,"listeVoeux":null,"resultat":null},{"nom":"Herrera","prenom":"Chris","mail":"herrerac@cy-tech.fr","mdpEtu":"8%[e,V7W.F","numEtu":22685637,"filiere":"GI","moyGen":12.4756791479,"listeVoeux":null,"resultat":null},{"nom":"Atkinson","prenom":"Brian","mail":"atkinsonb@cy-tech.fr","mdpEtu":"LMf\"d\/^cP\\","numEtu":22356423,"filiere":"GI","moyGen":10.247127825,"listeVoeux":null,"resultat":null},{"nom":"Smith","prenom":"Kaitlyn","mail":"smithk@cy-tech.fr","mdpEtu":"-Av'RN#U{(","numEtu":22312905,"filiere":"MI","moyGen":13.9759416202,"listeVoeux":null,"resultat":null},{"nom":"Freeman","prenom":"Andrew","mail":"freemana@cy-tech.fr","mdpEtu":"P3[Aa&qzn!","numEtu":22567371,"filiere":"MI","moyGen":13.977182761,"listeVoeux":null,"resultat":null},{"nom":"Bryan","prenom":"Emily","mail":"bryane@cy-tech.fr","mdpEtu":"@&z;<^%@&-","numEtu":22817743,"filiere":"MI","moyGen":12.151426748,"listeVoeux":null,"resultat":null},{"nom":"Fuller","prenom":"Tammy","mail":"fullert@cy-tech.fr","mdpEtu":"H_9<*XkB-l","numEtu":22135761,"filiere":"GI","moyGen":16.3450307472,"listeVoeux":null,"resultat":null},{"nom":"Gray","prenom":"Douglas","mail":"grayd@cy-tech.fr","mdpEtu":"x=[(6AsOUh","numEtu":22955986,"filiere":"GI","moyGen":17.54034345,"listeVoeux":null,"resultat":null},{"nom":"Miller","prenom":"James","mail":"millerj@cy-tech.fr","mdpEtu":"-\/N%T6pT$E","numEtu":22434262,"filiere":"MF","moyGen":19.7857835649,"listeVoeux":null,"resultat":null},{"nom":"Mejia","prenom":"David","mail":"mejiad@cy-tech.fr","mdpEtu":"5dY<pFxu&0","numEtu":22758870,"filiere":"GI","moyGen":13.7325085757,"listeVoeux":null,"resultat":null},{"nom":"Marshall","prenom":"Christopher","mail":"marshallc@cy-tech.fr","mdpEtu":"PMXUEF]K60","numEtu":22396382,"filiere":"GI","moyGen":10.9132242965,"listeVoeux":null,"resultat":null},{"nom":"Robertson","prenom":"William","mail":"robertsonw@cy-tech.fr","mdpEtu":"Is&NY$Z34>","numEtu":22278622,"filiere":"MI","moyGen":12.021347605,"listeVoeux":null,"resultat":null},{"nom":"Castro","prenom":"Michael","mail":"castrom@cy-tech.fr","mdpEtu":"H8w48{#kXn","numEtu":22791649,"filiere":"GI","moyGen":15.2629941081,"listeVoeux":null,"resultat":null},{"nom":"Wright","prenom":"Brandon","mail":"wrightb@cy-tech.fr","mdpEtu":"gZFxm-&I5v","numEtu":22199266,"filiere":"GI","moyGen":19.94513135,"listeVoeux":null,"resultat":null},{"nom":"West","prenom":"Matthew","mail":"westm@cy-tech.fr","mdpEtu":")k'ZoLBC]q","numEtu":22499810,"filiere":"MF","moyGen":15.3695103352,"listeVoeux":null,"resultat":null},{"nom":"Marsh","prenom":"Kevin","mail":"marshk@cy-tech.fr","mdpEtu":"{\"ehVsfqi`","numEtu":22730722,"filiere":"GI","moyGen":19.1996212758,"listeVoeux":null,"resultat":null},{"nom":"Lee","prenom":"Tasha","mail":"leet@cy-tech.fr","mdpEtu":"1qpg)!qj3\\","numEtu":22890469,"filiere":"MF","moyGen":11.1730758516,"listeVoeux":null,"resultat":null},{"nom":"Davidson","prenom":"Christine","mail":"davidsonc@cy-tech.fr","mdpEtu":"oY8TRCAW$|","numEtu":22667750,"filiere":"GI","moyGen":13.2199086255,"listeVoeux":null,"resultat":null},{"nom":"Nichols","prenom":"Alejandra","mail":"nicholsa@cy-tech.fr","mdpEtu":">]o%]D'SCf","numEtu":22574056,"filiere":"MF","moyGen":10.6075395347,"listeVoeux":null,"resultat":null},{"nom":"Brock","prenom":"Karen","mail":"brockk@cy-tech.fr","mdpEtu":"S5KX$o0K1z","numEtu":22716395,"filiere":"MI","moyGen":12.8044022236,"listeVoeux":null,"resultat":null},{"nom":"Delacruz","prenom":"Carlos","mail":"delacruzc@cy-tech.fr","mdpEtu":"p4)'A2|in>","numEtu":22321132,"filiere":"MI","moyGen":11.390801763,"listeVoeux":null,"resultat":null},{"nom":"Paul","prenom":"Rachel","mail":"paulr@cy-tech.fr","mdpEtu":"Z|Xfp\/!T#q","numEtu":22428653,"filiere":"MI","moyGen":14.3340538646,"listeVoeux":null,"resultat":null},{"nom":"Daniels","prenom":"Patricia","mail":"danielsp@cy-tech.fr","mdpEtu":"o|8IXX-kqe","numEtu":22404588,"filiere":"MI","moyGen":14.8349086866,"listeVoeux":null,"resultat":null},{"nom":"Clark","prenom":"Keith","mail":"clarkk@cy-tech.fr","mdpEtu":"B^^KzW?CRr","numEtu":22724079,"filiere":"GI","moyGen":14.3687048203,"listeVoeux":null,"resultat":null},{"nom":"Mccoy","prenom":"Christopher","mail":"mccoyc@cy-tech.fr","mdpEtu":"p_'cGpXb~*","numEtu":22262768,"filiere":"MF","moyGen":10.0010220038,"listeVoeux":null,"resultat":null},{"nom":"Stevenson","prenom":"Ernest","mail":"stevensone@cy-tech.fr","mdpEtu":">kd'_VX=lp","numEtu":22005745,"filiere":"GI","moyGen":11.1750286567,"listeVoeux":null,"resultat":null},{"nom":"Williams","prenom":"Kaylee","mail":"williamsk@cy-tech.fr","mdpEtu":"Y.qVraUKow","numEtu":22746612,"filiere":"GI","moyGen":18.6443122986,"listeVoeux":null,"resultat":null},{"nom":"Nichols","prenom":"David","mail":"nicholsd@cy-tech.fr","mdpEtu":"*RU)G0X:iK","numEtu":22846968,"filiere":"MF","moyGen":16.5923314959,"listeVoeux":null,"resultat":null},{"nom":"Hodges","prenom":"Nicole","mail":"hodgesn@cy-tech.fr","mdpEtu":"5uIHpLY{eD","numEtu":22626298,"filiere":"GI","moyGen":15.5834130343,"listeVoeux":null,"resultat":null},{"nom":"Gonzalez","prenom":"Michael","mail":"gonzalezm@cy-tech.fr","mdpEtu":"@M!RJg)OjS","numEtu":22852092,"filiere":"MI","moyGen":10.2029770852,"listeVoeux":null,"resultat":null},{"nom":"Ochoa","prenom":"James","mail":"ochoaj@cy-tech.fr","mdpEtu":"#n@@bWl=t9","numEtu":22368767,"filiere":"MF","moyGen":15.9076016534,"listeVoeux":null,"resultat":null}]