[{"nom":"Intelligence Artificielle","nbPlace":400.0,"description":"Ce v�u est top","filiereEligible":["GI"],"idVoeux":101},{"nom":"Cyber Securite","nbPlace":400.0,"description":"xdv","filiereEligible":["GI"],"idVoeux":102},{"nom":"Informatique embarquee","nbPlace":400.0,"description":"fgj","filiereEligible":["GI"],"idVoeux":103},{"nom":"Visual Computing","nbPlace":400.0,"description":"tyk","filiereEligible":["GI"],"idVoeux":104},{"nom":"Business Intelligence et Analytics","nbPlace":400.0,"description":"ky","filiereEligible":["GI"],"idVoeux":105}]