[{"nom":"Ducaroix","prenom":"Noa","mail":"ducaroixla@cy-tech.fr","mdpEtu":"0","numEtu":0,"filiere":"MF","moyGen":18.450727972,"listeVoeux":[]},{"nom":"Mesnildrey","prenom":"Oscar","mail":"mesnildrey@cy-tech.fr","mdpEtu":"1","numEtu":1,"filiere":"MF","moyGen":11.3508766968,"listeVoeux":[]},{"nom":"Durand","prenom":"Arthur","mail":"durandarth@cy-tech.fr","mdpEtu":"2","numEtu":2,"filiere":"MF","moyGen":15.5,"listeVoeux":[]},{"nom":"Makelele","prenom":"Claude","mail":"makelelecl@cy-tech.fr","mdpEtu":"3","numEtu":3,"filiere":"MI","moyGen":10.6763110011,"listeVoeux":[]},{"nom":"Giroud","prenom":"Olivier","mail":"giroudolivi@cy-tech.fr","mdpEtu":"4","numEtu":4,"filiere":"GI","moyGen":17.8260370595,"listeVoeux":[]},{"nom":"Thomas","prenom":"Richard","mail":"thomasr@cy-tech.fr","mdpEtu":"5","numEtu":5,"filiere":"GI","moyGen":18.0472105392,"listeVoeux":[]},{"nom":"Ramos","prenom":"Jamie","mail":"ramosj@cy-tech.fr","mdpEtu":"6","numEtu":6,"filiere":"MI","moyGen":15.6932818502,"listeVoeux":[]},{"nom":"Stokes","prenom":"Lauren","mail":"stokesl@cy-tech.fr","mdpEtu":"7","numEtu":7,"filiere":"MF","moyGen":16.8804653389,"listeVoeux":[]},{"nom":"Robinson","prenom":"Robin","mail":"robinsonr@cy-tech.fr","mdpEtu":"8","numEtu":8,"filiere":"GI","moyGen":19.8903270726,"listeVoeux":[]},{"nom":"Evans","prenom":"Joseph","mail":"evansj@cy-tech.fr","mdpEtu":"9","numEtu":9,"filiere":"MI","moyGen":11.4584779622,"listeVoeux":[]},{"nom":"Myers","prenom":"Mckenzie","mail":"myersm@cy-tech.fr","mdpEtu":"10","numEtu":10,"filiere":"MI","moyGen":16.1486079275,"listeVoeux":[]},{"nom":"Hawkins","prenom":"Diane","mail":"hawkinsd@cy-tech.fr","mdpEtu":"11","numEtu":11,"filiere":"MI","moyGen":18.5192855214,"listeVoeux":[]},{"nom":"Norton","prenom":"Todd","mail":"nortont@cy-tech.fr","mdpEtu":"12","numEtu":12,"filiere":"MF","moyGen":15.1347330529,"listeVoeux":[]},{"nom":"Bartlett","prenom":"Kathryn","mail":"bartlettk@cy-tech.fr","mdpEtu":"13","numEtu":13,"filiere":"MI","moyGen":12.1517827695,"listeVoeux":[]},{"nom":"Davis","prenom":"Brett","mail":"davisb@cy-tech.fr","mdpEtu":"14","numEtu":14,"filiere":"GI","moyGen":19.5723881161,"listeVoeux":[]},{"nom":"Hill","prenom":"Robert","mail":"hillr@cy-tech.fr","mdpEtu":"15","numEtu":15,"filiere":"MI","moyGen":17.3733070054,"listeVoeux":[]},{"nom":"Hall","prenom":"David","mail":"halld@cy-tech.fr","mdpEtu":"16","numEtu":16,"filiere":"GI","moyGen":19.1363614491,"listeVoeux":[]},{"nom":"Hall","prenom":"Beverly","mail":"hallb@cy-tech.fr","mdpEtu":"17","numEtu":17,"filiere":"MF","moyGen":16.1851062573,"listeVoeux":[]},{"nom":"Garcia","prenom":"Rebekah","mail":"garciar@cy-tech.fr","mdpEtu":"18","numEtu":18,"filiere":"MI","moyGen":14.2248435417,"listeVoeux":[]},{"nom":"Maxwell","prenom":"Steven","mail":"maxwells@cy-tech.fr","mdpEtu":"19","numEtu":19,"filiere":"GI","moyGen":11.8754861341,"listeVoeux":[]},{"nom":"Schmitt","prenom":"Paula","mail":"schmittp@cy-tech.fr","mdpEtu":"20","numEtu":20,"filiere":"GI","moyGen":10.0562044376,"listeVoeux":[]},{"nom":"Rodriguez","prenom":"John","mail":"rodriguezj@cy-tech.fr","mdpEtu":"21","numEtu":21,"filiere":"MF","moyGen":10.2842270028,"listeVoeux":[]},{"nom":"Pitts","prenom":"Michelle","mail":"pittsm@cy-tech.fr","mdpEtu":"22","numEtu":22,"filiere":"MF","moyGen":15.4389691466,"listeVoeux":[]},{"nom":"Powell","prenom":"Andre","mail":"powella@cy-tech.fr","mdpEtu":"23","numEtu":23,"filiere":"MI","moyGen":19.7681659006,"listeVoeux":[]},{"nom":"Noble","prenom":"Debra","mail":"nobled@cy-tech.fr","mdpEtu":"24","numEtu":24,"filiere":"MF","moyGen":14.7688572768,"listeVoeux":[]},{"nom":"Moore","prenom":"John","mail":"moorej@cy-tech.fr","mdpEtu":"25","numEtu":25,"filiere":"GI","moyGen":11.4478452409,"listeVoeux":[]},{"nom":"Diaz","prenom":"Russell","mail":"diazr@cy-tech.fr","mdpEtu":"26","numEtu":26,"filiere":"GI","moyGen":18.9727326662,"listeVoeux":[]},{"nom":"Martin","prenom":"Greg","mail":"marting@cy-tech.fr","mdpEtu":"27","numEtu":27,"filiere":"GI","moyGen":10.043083344,"listeVoeux":[]},{"nom":"Hernandez","prenom":"Maria","mail":"hernandezm@cy-tech.fr","mdpEtu":"28","numEtu":28,"filiere":"GI","moyGen":14.8344431686,"listeVoeux":[]},{"nom":"Christensen","prenom":"Lawrence","mail":"christensenl@cy-tech.fr","mdpEtu":"29","numEtu":29,"filiere":"MI","moyGen":16.3989945131,"listeVoeux":[]},{"nom":"Harper","prenom":"Andrea","mail":"harpera@cy-tech.fr","mdpEtu":"30","numEtu":30,"filiere":"MI","moyGen":18.3670297091,"listeVoeux":[]},{"nom":"Carlson","prenom":"Angela","mail":"carlsona@cy-tech.fr","mdpEtu":"31","numEtu":31,"filiere":"MF","moyGen":11.0401964127,"listeVoeux":[]},{"nom":"Sanders","prenom":"Dennis","mail":"sandersd@cy-tech.fr","mdpEtu":"32","numEtu":32,"filiere":"MF","moyGen":13.6098207513,"listeVoeux":[]},{"nom":"Sullivan","prenom":"James","mail":"sullivanj@cy-tech.fr","mdpEtu":"33","numEtu":33,"filiere":"MF","moyGen":14.8110635625,"listeVoeux":[]},{"nom":"Woods","prenom":"Jackie","mail":"woodsj@cy-tech.fr","mdpEtu":"34","numEtu":34,"filiere":"MF","moyGen":10.8033924162,"listeVoeux":[]},{"nom":"Roberts","prenom":"Robert","mail":"robertsr@cy-tech.fr","mdpEtu":"35","numEtu":35,"filiere":"GI","moyGen":19.7459862477,"listeVoeux":[]},{"nom":"Walton","prenom":"Marcia","mail":"waltonm@cy-tech.fr","mdpEtu":"36","numEtu":36,"filiere":"GI","moyGen":10.8832319924,"listeVoeux":[]},{"nom":"Watkins","prenom":"Christopher","mail":"watkinsc@cy-tech.fr","mdpEtu":"37","numEtu":37,"filiere":"MI","moyGen":15.3545400023,"listeVoeux":[]},{"nom":"Walters","prenom":"James","mail":"waltersj@cy-tech.fr","mdpEtu":"38","numEtu":38,"filiere":"GI","moyGen":19.4452268961,"listeVoeux":[]},{"nom":"Clark","prenom":"Ryan","mail":"clarkr@cy-tech.fr","mdpEtu":"39","numEtu":39,"filiere":"GI","moyGen":13.1566033221,"listeVoeux":[]},{"nom":"Fuller","prenom":"Michael","mail":"fullerm@cy-tech.fr","mdpEtu":"40","numEtu":40,"filiere":"MI","moyGen":18.0290451884,"listeVoeux":[]},{"nom":"Schneider","prenom":"Andrew","mail":"schneidera@cy-tech.fr","mdpEtu":"41","numEtu":41,"filiere":"MF","moyGen":12.3419026269,"listeVoeux":[]},{"nom":"Snyder","prenom":"Sheryl","mail":"snyders@cy-tech.fr","mdpEtu":"42","numEtu":42,"filiere":"MF","moyGen":15.2919360342,"listeVoeux":[]},{"nom":"Nichols","prenom":"Kimberly","mail":"nicholsk@cy-tech.fr","mdpEtu":"43","numEtu":43,"filiere":"MI","moyGen":14.9152730993,"listeVoeux":[]},{"nom":"Ayers","prenom":"Karen","mail":"ayersk@cy-tech.fr","mdpEtu":"44","numEtu":44,"filiere":"GI","moyGen":11.5275819827,"listeVoeux":[]},{"nom":"Shepard","prenom":"Monica","mail":"shepardm@cy-tech.fr","mdpEtu":"45","numEtu":45,"filiere":"GI","moyGen":16.5891308396,"listeVoeux":[]},{"nom":"Stein","prenom":"Carl","mail":"steinc@cy-tech.fr","mdpEtu":"46","numEtu":46,"filiere":"MF","moyGen":18.9489212356,"listeVoeux":[]},{"nom":"Cabrera","prenom":"Timothy","mail":"cabrerat@cy-tech.fr","mdpEtu":"47","numEtu":47,"filiere":"MI","moyGen":15.3923419357,"listeVoeux":[]},{"nom":"Griffin","prenom":"Garrett","mail":"griffing@cy-tech.fr","mdpEtu":"48","numEtu":48,"filiere":"MI","moyGen":18.892370538,"listeVoeux":[]},{"nom":"George","prenom":"Joshua","mail":"georgej@cy-tech.fr","mdpEtu":"49","numEtu":49,"filiere":"MI","moyGen":19.405288415,"listeVoeux":[]},{"nom":"Williams","prenom":"Kristen","mail":"williamsk@cy-tech.fr","mdpEtu":"50","numEtu":50,"filiere":"GI","moyGen":17.2757158258,"listeVoeux":[]},{"nom":"Boyd","prenom":"Steven","mail":"boyds@cy-tech.fr","mdpEtu":"51","numEtu":51,"filiere":"MF","moyGen":16.4106123519,"listeVoeux":[]},{"nom":"Norton","prenom":"Erica","mail":"nortone@cy-tech.fr","mdpEtu":"52","numEtu":52,"filiere":"MI","moyGen":10.9168599491,"listeVoeux":[]},{"nom":"Fox","prenom":"Kristy","mail":"foxk@cy-tech.fr","mdpEtu":"53","numEtu":53,"filiere":"MI","moyGen":14.8844829485,"listeVoeux":[]},{"nom":"Long","prenom":"Breanna","mail":"longb@cy-tech.fr","mdpEtu":"54","numEtu":54,"filiere":"GI","moyGen":16.3602841382,"listeVoeux":[]},{"nom":"Cooper","prenom":"Christopher","mail":"cooperc@cy-tech.fr","mdpEtu":"55","numEtu":55,"filiere":"GI","moyGen":15.9563747564,"listeVoeux":[]},{"nom":"Walters","prenom":"Derek","mail":"waltersd@cy-tech.fr","mdpEtu":"56","numEtu":56,"filiere":"GI","moyGen":14.3695042724,"listeVoeux":[]},{"nom":"Brooks","prenom":"Catherine","mail":"brooksc@cy-tech.fr","mdpEtu":"57","numEtu":57,"filiere":"GI","moyGen":19.3628448784,"listeVoeux":[]},{"nom":"Cole","prenom":"Carly","mail":"colec@cy-tech.fr","mdpEtu":"58","numEtu":58,"filiere":"MI","moyGen":18.5554289444,"listeVoeux":[]},{"nom":"Perez","prenom":"Norma","mail":"perezn@cy-tech.fr","mdpEtu":"59","numEtu":59,"filiere":"GI","moyGen":10.1771193417,"listeVoeux":[]},{"nom":"Rodriguez","prenom":"Mario","mail":"rodriguezm@cy-tech.fr","mdpEtu":"60","numEtu":60,"filiere":"MF","moyGen":11.4935507489,"listeVoeux":[]},{"nom":"Miller","prenom":"Lisa","mail":"millerl@cy-tech.fr","mdpEtu":"61","numEtu":61,"filiere":"MI","moyGen":18.8602850452,"listeVoeux":[]},{"nom":"Harrington","prenom":"Karen","mail":"harringtonk@cy-tech.fr","mdpEtu":"62","numEtu":62,"filiere":"MF","moyGen":13.379014711,"listeVoeux":[]},{"nom":"Cruz","prenom":"Austin","mail":"cruza@cy-tech.fr","mdpEtu":"63","numEtu":63,"filiere":"MF","moyGen":13.8245761249,"listeVoeux":[]},{"nom":"Harris","prenom":"Jason","mail":"harrisj@cy-tech.fr","mdpEtu":"64","numEtu":64,"filiere":"MI","moyGen":12.5510040548,"listeVoeux":[]},{"nom":"Nelson","prenom":"Nicholas","mail":"nelsonn@cy-tech.fr","mdpEtu":"65","numEtu":65,"filiere":"MF","moyGen":15.3936219447,"listeVoeux":[]},{"nom":"Rodriguez","prenom":"Megan","mail":"rodriguezm@cy-tech.fr","mdpEtu":"66","numEtu":66,"filiere":"MI","moyGen":11.6950061108,"listeVoeux":[]},{"nom":"Graham","prenom":"Pamela","mail":"grahamp@cy-tech.fr","mdpEtu":"67","numEtu":67,"filiere":"MF","moyGen":17.21591941,"listeVoeux":[]},{"nom":"Green","prenom":"Cheryl","mail":"greenc@cy-tech.fr","mdpEtu":"68","numEtu":68,"filiere":"MI","moyGen":10.7041611202,"listeVoeux":[]},{"nom":"Freeman","prenom":"David","mail":"freemand@cy-tech.fr","mdpEtu":"69","numEtu":69,"filiere":"MI","moyGen":11.3026423947,"listeVoeux":[]},{"nom":"Maxwell","prenom":"Priscilla","mail":"maxwellp@cy-tech.fr","mdpEtu":"70","numEtu":70,"filiere":"GI","moyGen":19.2747626264,"listeVoeux":[]},{"nom":"Lee","prenom":"Carol","mail":"leec@cy-tech.fr","mdpEtu":"71","numEtu":71,"filiere":"GI","moyGen":17.6606080269,"listeVoeux":[]},{"nom":"Taylor","prenom":"Lisa","mail":"taylorl@cy-tech.fr","mdpEtu":"72","numEtu":72,"filiere":"GI","moyGen":19.0987747705,"listeVoeux":[]},{"nom":"Christensen","prenom":"Heather","mail":"christensenh@cy-tech.fr","mdpEtu":"73","numEtu":73,"filiere":"GI","moyGen":17.1346429704,"listeVoeux":[]},{"nom":"Bailey","prenom":"Christopher","mail":"baileyc@cy-tech.fr","mdpEtu":"74","numEtu":74,"filiere":"MI","moyGen":14.9104268814,"listeVoeux":[]},{"nom":"Curtis","prenom":"Angela","mail":"curtisa@cy-tech.fr","mdpEtu":"75","numEtu":75,"filiere":"MI","moyGen":19.5376653903,"listeVoeux":[]},{"nom":"Carpenter","prenom":"Walter","mail":"carpenterw@cy-tech.fr","mdpEtu":"76","numEtu":76,"filiere":"MI","moyGen":18.5140664988,"listeVoeux":[]},{"nom":"Ruiz","prenom":"Damon","mail":"ruizd@cy-tech.fr","mdpEtu":"77","numEtu":77,"filiere":"MF","moyGen":11.0683932843,"listeVoeux":[]},{"nom":"Michael","prenom":"Jeremy","mail":"michaelj@cy-tech.fr","mdpEtu":"78","numEtu":78,"filiere":"MF","moyGen":15.0966271014,"listeVoeux":[]},{"nom":"Roth","prenom":"Daniel","mail":"rothd@cy-tech.fr","mdpEtu":"79","numEtu":79,"filiere":"MF","moyGen":10.9305762832,"listeVoeux":[]},{"nom":"Galloway","prenom":"Stacey","mail":"galloways@cy-tech.fr","mdpEtu":"80","numEtu":80,"filiere":"MI","moyGen":14.418115809,"listeVoeux":[]},{"nom":"Shaw","prenom":"April","mail":"shawa@cy-tech.fr","mdpEtu":"81","numEtu":81,"filiere":"MI","moyGen":15.5658536499,"listeVoeux":[]},{"nom":"Thompson","prenom":"Sarah","mail":"thompsons@cy-tech.fr","mdpEtu":"82","numEtu":82,"filiere":"MI","moyGen":18.1490014708,"listeVoeux":[]},{"nom":"Green","prenom":"Mark","mail":"greenm@cy-tech.fr","mdpEtu":"83","numEtu":83,"filiere":"GI","moyGen":16.3881133416,"listeVoeux":[]},{"nom":"Jones","prenom":"Caroline","mail":"jonesc@cy-tech.fr","mdpEtu":"84","numEtu":84,"filiere":"MF","moyGen":12.9889576087,"listeVoeux":[]},{"nom":"Rodriguez","prenom":"Hayley","mail":"rodriguezh@cy-tech.fr","mdpEtu":"85","numEtu":85,"filiere":"MF","moyGen":11.5420509258,"listeVoeux":[]},{"nom":"Duncan","prenom":"Julia","mail":"duncanj@cy-tech.fr","mdpEtu":"86","numEtu":86,"filiere":"MI","moyGen":14.6889213104,"listeVoeux":[]},{"nom":"Decker","prenom":"Beverly","mail":"deckerb@cy-tech.fr","mdpEtu":"87","numEtu":87,"filiere":"GI","moyGen":19.2928353904,"listeVoeux":[]},{"nom":"Pitts","prenom":"Marissa","mail":"pittsm@cy-tech.fr","mdpEtu":"88","numEtu":88,"filiere":"MI","moyGen":12.8775764858,"listeVoeux":[]},{"nom":"Gallagher","prenom":"Troy","mail":"gallaghert@cy-tech.fr","mdpEtu":"89","numEtu":89,"filiere":"MF","moyGen":10.3193260978,"listeVoeux":[]},{"nom":"Perry","prenom":"Mary","mail":"perrym@cy-tech.fr","mdpEtu":"90","numEtu":90,"filiere":"GI","moyGen":19.2508676605,"listeVoeux":[]},{"nom":"Hudson","prenom":"Seth","mail":"hudsons@cy-tech.fr","mdpEtu":"91","numEtu":91,"filiere":"GI","moyGen":16.1527424007,"listeVoeux":[]},{"nom":"Cunningham","prenom":"Ashley","mail":"cunninghama@cy-tech.fr","mdpEtu":"92","numEtu":92,"filiere":"MI","moyGen":11.5498622769,"listeVoeux":[]},{"nom":"Harris","prenom":"Amy","mail":"harrisa@cy-tech.fr","mdpEtu":"93","numEtu":93,"filiere":"MI","moyGen":14.2753092647,"listeVoeux":[]},{"nom":"Russell","prenom":"Heather","mail":"russellh@cy-tech.fr","mdpEtu":"94","numEtu":94,"filiere":"GI","moyGen":14.7955636432,"listeVoeux":[]},{"nom":"Zimmerman","prenom":"Brent","mail":"zimmermanb@cy-tech.fr","mdpEtu":"95","numEtu":95,"filiere":"MI","moyGen":11.0496536272,"listeVoeux":[]},{"nom":"Gallagher","prenom":"Amanda","mail":"gallaghera@cy-tech.fr","mdpEtu":"96","numEtu":96,"filiere":"MI","moyGen":14.6761224023,"listeVoeux":[]},{"nom":"Zimmerman","prenom":"Andrea","mail":"zimmermana@cy-tech.fr","mdpEtu":"97","numEtu":97,"filiere":"MF","moyGen":15.1005473698,"listeVoeux":[]},{"nom":"Dickerson","prenom":"Patrick","mail":"dickersonp@cy-tech.fr","mdpEtu":"98","numEtu":98,"filiere":"GI","moyGen":18.4729628488,"listeVoeux":[]},{"nom":"Edwards","prenom":"Gregory","mail":"edwardsg@cy-tech.fr","mdpEtu":"99","numEtu":99,"filiere":"GI","moyGen":18.1168819468,"listeVoeux":[]},{"nom":"Hendrix","prenom":"Cynthia","mail":"hendrixc@cy-tech.fr","mdpEtu":"100","numEtu":100,"filiere":"MI","moyGen":17.4510292963,"listeVoeux":[]},{"nom":"Erickson","prenom":"Gina","mail":"ericksong@cy-tech.fr","mdpEtu":"101","numEtu":101,"filiere":"GI","moyGen":14.0068660261,"listeVoeux":[]},{"nom":"Johnson","prenom":"Emily","mail":"johnsone@cy-tech.fr","mdpEtu":"102","numEtu":102,"filiere":"GI","moyGen":13.4629166641,"listeVoeux":[]},{"nom":"Charles","prenom":"Paige","mail":"charlesp@cy-tech.fr","mdpEtu":"103","numEtu":103,"filiere":"MF","moyGen":18.666316287,"listeVoeux":[]},{"nom":"Compton","prenom":"Rebecca","mail":"comptonr@cy-tech.fr","mdpEtu":"104","numEtu":104,"filiere":"MF","moyGen":12.1286363543,"listeVoeux":[]},{"nom":"Chapman","prenom":"Jerome","mail":"chapmanj@cy-tech.fr","mdpEtu":"105","numEtu":105,"filiere":"MF","moyGen":16.3478527798,"listeVoeux":[]},{"nom":"Little","prenom":"Anthony","mail":"littlea@cy-tech.fr","mdpEtu":"106","numEtu":106,"filiere":"MF","moyGen":10.6817979348,"listeVoeux":[]},{"nom":"Ramirez","prenom":"Heather","mail":"ramirezh@cy-tech.fr","mdpEtu":"107","numEtu":107,"filiere":"MI","moyGen":18.529921603,"listeVoeux":[]},{"nom":"Black","prenom":"Shawn","mail":"blacks@cy-tech.fr","mdpEtu":"108","numEtu":108,"filiere":"MI","moyGen":13.7052377911,"listeVoeux":[]},{"nom":"Munoz","prenom":"Dustin","mail":"munozd@cy-tech.fr","mdpEtu":"109","numEtu":109,"filiere":"MF","moyGen":10.9830444239,"listeVoeux":[]},{"nom":"Scott","prenom":"Alisha","mail":"scotta@cy-tech.fr","mdpEtu":"110","numEtu":110,"filiere":"MF","moyGen":10.7285398945,"listeVoeux":[]},{"nom":"Blevins","prenom":"Tyler","mail":"blevinst@cy-tech.fr","mdpEtu":"111","numEtu":111,"filiere":"GI","moyGen":16.1787049799,"listeVoeux":[]},{"nom":"Ray","prenom":"Christopher","mail":"rayc@cy-tech.fr","mdpEtu":"112","numEtu":112,"filiere":"MI","moyGen":17.4323286387,"listeVoeux":[]},{"nom":"Gilbert","prenom":"Patrick","mail":"gilbertp@cy-tech.fr","mdpEtu":"113","numEtu":113,"filiere":"GI","moyGen":18.2525636573,"listeVoeux":[]},{"nom":"Robbins","prenom":"Joseph","mail":"robbinsj@cy-tech.fr","mdpEtu":"114","numEtu":114,"filiere":"MI","moyGen":18.6186658661,"listeVoeux":[]},{"nom":"Gutierrez","prenom":"Jessica","mail":"gutierrezj@cy-tech.fr","mdpEtu":"115","numEtu":115,"filiere":"MI","moyGen":12.7457559684,"listeVoeux":[]},{"nom":"Carrillo","prenom":"Gary","mail":"carrillog@cy-tech.fr","mdpEtu":"116","numEtu":116,"filiere":"MF","moyGen":17.3217216813,"listeVoeux":[]},{"nom":"Fernandez","prenom":"Allen","mail":"fernandeza@cy-tech.fr","mdpEtu":"117","numEtu":117,"filiere":"MI","moyGen":19.9520818077,"listeVoeux":[]},{"nom":"Rivera","prenom":"Penny","mail":"riverap@cy-tech.fr","mdpEtu":"118","numEtu":118,"filiere":"GI","moyGen":15.5557287851,"listeVoeux":[]},{"nom":"Morgan","prenom":"Douglas","mail":"morgand@cy-tech.fr","mdpEtu":"119","numEtu":119,"filiere":"MI","moyGen":12.449614689,"listeVoeux":[]},{"nom":"Jacobs","prenom":"Kyle","mail":"jacobsk@cy-tech.fr","mdpEtu":"120","numEtu":120,"filiere":"MF","moyGen":19.7991131198,"listeVoeux":[]},{"nom":"Lewis","prenom":"Juan","mail":"lewisj@cy-tech.fr","mdpEtu":"121","numEtu":121,"filiere":"MF","moyGen":18.0930218423,"listeVoeux":[]},{"nom":"Moore","prenom":"Mary","mail":"moorem@cy-tech.fr","mdpEtu":"122","numEtu":122,"filiere":"GI","moyGen":18.2415042206,"listeVoeux":[]},{"nom":"Martinez","prenom":"Ryan","mail":"martinezr@cy-tech.fr","mdpEtu":"123","numEtu":123,"filiere":"GI","moyGen":16.5325929349,"listeVoeux":[]},{"nom":"Cameron","prenom":"Rebecca","mail":"cameronr@cy-tech.fr","mdpEtu":"124","numEtu":124,"filiere":"MI","moyGen":11.9983896828,"listeVoeux":[]},{"nom":"Holmes","prenom":"Roger","mail":"holmesr@cy-tech.fr","mdpEtu":"125","numEtu":125,"filiere":"MF","moyGen":19.7088732819,"listeVoeux":[]},{"nom":"Wood","prenom":"Jennifer","mail":"woodj@cy-tech.fr","mdpEtu":"126","numEtu":126,"filiere":"MI","moyGen":16.9980969422,"listeVoeux":[]},{"nom":"Tucker","prenom":"Whitney","mail":"tuckerw@cy-tech.fr","mdpEtu":"127","numEtu":127,"filiere":"MI","moyGen":17.965957144,"listeVoeux":[]},{"nom":"Atkinson","prenom":"Catherine","mail":"atkinsonc@cy-tech.fr","mdpEtu":"128","numEtu":128,"filiere":"MF","moyGen":10.745951504,"listeVoeux":[]},{"nom":"Dawson","prenom":"William","mail":"dawsonw@cy-tech.fr","mdpEtu":"129","numEtu":129,"filiere":"MI","moyGen":16.8487802209,"listeVoeux":[]},{"nom":"Mcmahon","prenom":"Jasmine","mail":"mcmahonj@cy-tech.fr","mdpEtu":"130","numEtu":130,"filiere":"MI","moyGen":16.4070468888,"listeVoeux":[]},{"nom":"Combs","prenom":"Jennifer","mail":"combsj@cy-tech.fr","mdpEtu":"131","numEtu":131,"filiere":"MI","moyGen":14.6030348458,"listeVoeux":[]},{"nom":"Mays","prenom":"Justin","mail":"maysj@cy-tech.fr","mdpEtu":"132","numEtu":132,"filiere":"MI","moyGen":11.5182904862,"listeVoeux":[]},{"nom":"Mann","prenom":"Emily","mail":"manne@cy-tech.fr","mdpEtu":"133","numEtu":133,"filiere":"MF","moyGen":11.2496957629,"listeVoeux":[]},{"nom":"Roberts","prenom":"Diane","mail":"robertsd@cy-tech.fr","mdpEtu":"134","numEtu":134,"filiere":"GI","moyGen":14.3203872901,"listeVoeux":[]},{"nom":"Robinson","prenom":"Anita","mail":"robinsona@cy-tech.fr","mdpEtu":"135","numEtu":135,"filiere":"MI","moyGen":12.8247275266,"listeVoeux":[]},{"nom":"Hall","prenom":"Wendy","mail":"hallw@cy-tech.fr","mdpEtu":"136","numEtu":136,"filiere":"MI","moyGen":17.6166575037,"listeVoeux":[]},{"nom":"Jones","prenom":"Joseph","mail":"jonesj@cy-tech.fr","mdpEtu":"137","numEtu":137,"filiere":"MI","moyGen":16.0143194385,"listeVoeux":[]},{"nom":"Hudson","prenom":"Audrey","mail":"hudsona@cy-tech.fr","mdpEtu":"138","numEtu":138,"filiere":"GI","moyGen":14.2899309358,"listeVoeux":[]},{"nom":"Murphy","prenom":"Eric","mail":"murphye@cy-tech.fr","mdpEtu":"139","numEtu":139,"filiere":"GI","moyGen":16.096847411,"listeVoeux":[]},{"nom":"Smith","prenom":"Laura","mail":"smithl@cy-tech.fr","mdpEtu":"140","numEtu":140,"filiere":"MF","moyGen":17.5333625667,"listeVoeux":[]},{"nom":"Stone","prenom":"Kristin","mail":"stonek@cy-tech.fr","mdpEtu":"141","numEtu":141,"filiere":"MF","moyGen":11.5169406147,"listeVoeux":[]},{"nom":"White","prenom":"Kimberly","mail":"whitek@cy-tech.fr","mdpEtu":"142","numEtu":142,"filiere":"GI","moyGen":13.0106016273,"listeVoeux":[]},{"nom":"Marshall","prenom":"Jade","mail":"marshallj@cy-tech.fr","mdpEtu":"143","numEtu":143,"filiere":"GI","moyGen":10.9636227212,"listeVoeux":[]},{"nom":"Patrick","prenom":"David","mail":"patrickd@cy-tech.fr","mdpEtu":"144","numEtu":144,"filiere":"MF","moyGen":14.6068514149,"listeVoeux":[]},{"nom":"Mccarty","prenom":"Kelly","mail":"mccartyk@cy-tech.fr","mdpEtu":"145","numEtu":145,"filiere":"MF","moyGen":14.6226324997,"listeVoeux":[]},{"nom":"Poole","prenom":"Dwayne","mail":"pooled@cy-tech.fr","mdpEtu":"146","numEtu":146,"filiere":"GI","moyGen":12.9029490113,"listeVoeux":[]},{"nom":"Palmer","prenom":"Jeffrey","mail":"palmerj@cy-tech.fr","mdpEtu":"147","numEtu":147,"filiere":"GI","moyGen":15.1822862786,"listeVoeux":[]},{"nom":"Olsen","prenom":"Donald","mail":"olsend@cy-tech.fr","mdpEtu":"148","numEtu":148,"filiere":"MI","moyGen":11.9557811054,"listeVoeux":[]},{"nom":"Murphy","prenom":"Matthew","mail":"murphym@cy-tech.fr","mdpEtu":"149","numEtu":149,"filiere":"MI","moyGen":14.1491658594,"listeVoeux":[]},{"nom":"Taylor","prenom":"Natalie","mail":"taylorn@cy-tech.fr","mdpEtu":"150","numEtu":150,"filiere":"MF","moyGen":16.3927935153,"listeVoeux":[]},{"nom":"Garcia","prenom":"Kyle","mail":"garciak@cy-tech.fr","mdpEtu":"151","numEtu":151,"filiere":"MI","moyGen":14.3087312447,"listeVoeux":[]},{"nom":"Ross","prenom":"Matthew","mail":"rossm@cy-tech.fr","mdpEtu":"152","numEtu":152,"filiere":"MF","moyGen":18.3697622386,"listeVoeux":[]},{"nom":"Jimenez","prenom":"Mary","mail":"jimenezm@cy-tech.fr","mdpEtu":"153","numEtu":153,"filiere":"GI","moyGen":13.1810471085,"listeVoeux":[]},{"nom":"Shea","prenom":"Larry","mail":"sheal@cy-tech.fr","mdpEtu":"154","numEtu":154,"filiere":"MI","moyGen":10.4305666646,"listeVoeux":[]},{"nom":"Johnson","prenom":"Susan","mail":"johnsons@cy-tech.fr","mdpEtu":"155","numEtu":155,"filiere":"MI","moyGen":19.4895709334,"listeVoeux":[]},{"nom":"Turner","prenom":"Stephen","mail":"turners@cy-tech.fr","mdpEtu":"156","numEtu":156,"filiere":"MF","moyGen":11.5961350929,"listeVoeux":[]},{"nom":"Hughes","prenom":"Jo","mail":"hughesj@cy-tech.fr","mdpEtu":"157","numEtu":157,"filiere":"MF","moyGen":18.79024617,"listeVoeux":[]},{"nom":"Jimenez","prenom":"Vernon","mail":"jimenezv@cy-tech.fr","mdpEtu":"158","numEtu":158,"filiere":"MI","moyGen":19.0260697323,"listeVoeux":[]},{"nom":"Washington","prenom":"Mary","mail":"washingtonm@cy-tech.fr","mdpEtu":"159","numEtu":159,"filiere":"GI","moyGen":15.595666397,"listeVoeux":[]},{"nom":"Myers","prenom":"Mary","mail":"myersm@cy-tech.fr","mdpEtu":"160","numEtu":160,"filiere":"MI","moyGen":13.6985287129,"listeVoeux":[]},{"nom":"Wilson","prenom":"Richard","mail":"wilsonr@cy-tech.fr","mdpEtu":"161","numEtu":161,"filiere":"GI","moyGen":12.3792690451,"listeVoeux":[]},{"nom":"Norton","prenom":"Daniel","mail":"nortond@cy-tech.fr","mdpEtu":"162","numEtu":162,"filiere":"MF","moyGen":15.9923263874,"listeVoeux":[]},{"nom":"Arias","prenom":"Kevin","mail":"ariask@cy-tech.fr","mdpEtu":"163","numEtu":163,"filiere":"MF","moyGen":11.0138317382,"listeVoeux":[]},{"nom":"Ortiz","prenom":"Stephanie","mail":"ortizs@cy-tech.fr","mdpEtu":"164","numEtu":164,"filiere":"GI","moyGen":17.8057640747,"listeVoeux":[]},{"nom":"Avery","prenom":"Christina","mail":"averyc@cy-tech.fr","mdpEtu":"165","numEtu":165,"filiere":"MF","moyGen":11.087659257,"listeVoeux":[]},{"nom":"Carey","prenom":"Gina","mail":"careyg@cy-tech.fr","mdpEtu":"166","numEtu":166,"filiere":"MI","moyGen":12.5081422267,"listeVoeux":[]},{"nom":"Wilkinson","prenom":"Michael","mail":"wilkinsonm@cy-tech.fr","mdpEtu":"167","numEtu":167,"filiere":"GI","moyGen":14.1225901964,"listeVoeux":[]},{"nom":"Schultz","prenom":"Ronnie","mail":"schultzr@cy-tech.fr","mdpEtu":"168","numEtu":168,"filiere":"MI","moyGen":13.9530547009,"listeVoeux":[]},{"nom":"Thompson","prenom":"Harold","mail":"thompsonh@cy-tech.fr","mdpEtu":"169","numEtu":169,"filiere":"GI","moyGen":13.3700677835,"listeVoeux":[]},{"nom":"Simmons","prenom":"Robert","mail":"simmonsr@cy-tech.fr","mdpEtu":"170","numEtu":170,"filiere":"MI","moyGen":15.7303067013,"listeVoeux":[]},{"nom":"Ross","prenom":"Wendy","mail":"rossw@cy-tech.fr","mdpEtu":"171","numEtu":171,"filiere":"GI","moyGen":19.8879469608,"listeVoeux":[]},{"nom":"House","prenom":"Linda","mail":"housel@cy-tech.fr","mdpEtu":"172","numEtu":172,"filiere":"GI","moyGen":17.1105765199,"listeVoeux":[]},{"nom":"Gutierrez","prenom":"Henry","mail":"gutierrezh@cy-tech.fr","mdpEtu":"173","numEtu":173,"filiere":"MI","moyGen":16.8793764046,"listeVoeux":[]},{"nom":"Boyer","prenom":"Carol","mail":"boyerc@cy-tech.fr","mdpEtu":"174","numEtu":174,"filiere":"MI","moyGen":10.1864100571,"listeVoeux":[]},{"nom":"Perez","prenom":"Gina","mail":"perezg@cy-tech.fr","mdpEtu":"175","numEtu":175,"filiere":"GI","moyGen":14.9520136439,"listeVoeux":[]},{"nom":"Ayers","prenom":"Brian","mail":"ayersb@cy-tech.fr","mdpEtu":"176","numEtu":176,"filiere":"GI","moyGen":14.1341185596,"listeVoeux":[]},{"nom":"Harrison","prenom":"Michael","mail":"harrisonm@cy-tech.fr","mdpEtu":"177","numEtu":177,"filiere":"MF","moyGen":18.9911768661,"listeVoeux":[]},{"nom":"Bradford","prenom":"Steven","mail":"bradfords@cy-tech.fr","mdpEtu":"178","numEtu":178,"filiere":"MF","moyGen":18.2365450465,"listeVoeux":[]},{"nom":"Stewart","prenom":"Jamie","mail":"stewartj@cy-tech.fr","mdpEtu":"179","numEtu":179,"filiere":"MI","moyGen":19.2182759131,"listeVoeux":[]},{"nom":"Simmons","prenom":"Gail","mail":"simmonsg@cy-tech.fr","mdpEtu":"180","numEtu":180,"filiere":"MF","moyGen":14.00658379,"listeVoeux":[]},{"nom":"Sampson","prenom":"Stephanie","mail":"sampsons@cy-tech.fr","mdpEtu":"181","numEtu":181,"filiere":"GI","moyGen":15.3559237528,"listeVoeux":[]},{"nom":"Graves","prenom":"Zachary","mail":"gravesz@cy-tech.fr","mdpEtu":"182","numEtu":182,"filiere":"MF","moyGen":13.1501070944,"listeVoeux":[]},{"nom":"Arias","prenom":"Micheal","mail":"ariasm@cy-tech.fr","mdpEtu":"183","numEtu":183,"filiere":"MF","moyGen":18.0299875816,"listeVoeux":[]},{"nom":"Young","prenom":"Mark","mail":"youngm@cy-tech.fr","mdpEtu":"184","numEtu":184,"filiere":"MF","moyGen":15.8364256322,"listeVoeux":[]},{"nom":"Garza","prenom":"Christopher","mail":"garzac@cy-tech.fr","mdpEtu":"185","numEtu":185,"filiere":"MI","moyGen":14.3444792451,"listeVoeux":[]},{"nom":"Hicks","prenom":"Nicole","mail":"hicksn@cy-tech.fr","mdpEtu":"186","numEtu":186,"filiere":"MF","moyGen":10.202482458,"listeVoeux":[]},{"nom":"Willis","prenom":"Brandy","mail":"willisb@cy-tech.fr","mdpEtu":"187","numEtu":187,"filiere":"MI","moyGen":16.3696951465,"listeVoeux":[]},{"nom":"Sullivan","prenom":"Aaron","mail":"sullivana@cy-tech.fr","mdpEtu":"188","numEtu":188,"filiere":"MF","moyGen":18.3666393127,"listeVoeux":[]},{"nom":"Byrd","prenom":"Laura","mail":"byrdl@cy-tech.fr","mdpEtu":"189","numEtu":189,"filiere":"GI","moyGen":17.812975579,"listeVoeux":[]},{"nom":"Powell","prenom":"Michael","mail":"powellm@cy-tech.fr","mdpEtu":"190","numEtu":190,"filiere":"MF","moyGen":18.4380780688,"listeVoeux":[]},{"nom":"Clark","prenom":"Alvin","mail":"clarka@cy-tech.fr","mdpEtu":"191","numEtu":191,"filiere":"MI","moyGen":15.4833101402,"listeVoeux":[]},{"nom":"Sanders","prenom":"Angela","mail":"sandersa@cy-tech.fr","mdpEtu":"192","numEtu":192,"filiere":"MF","moyGen":11.3813826835,"listeVoeux":[]},{"nom":"Powell","prenom":"Joshua","mail":"powellj@cy-tech.fr","mdpEtu":"193","numEtu":193,"filiere":"MI","moyGen":16.0131253345,"listeVoeux":[]},{"nom":"Washington","prenom":"Sean","mail":"washingtons@cy-tech.fr","mdpEtu":"194","numEtu":194,"filiere":"MI","moyGen":18.0620681684,"listeVoeux":[]},{"nom":"Herman","prenom":"Daniel","mail":"hermand@cy-tech.fr","mdpEtu":"195","numEtu":195,"filiere":"MF","moyGen":17.5391039251,"listeVoeux":[]},{"nom":"Perry","prenom":"Cynthia","mail":"perryc@cy-tech.fr","mdpEtu":"196","numEtu":196,"filiere":"GI","moyGen":16.8815183114,"listeVoeux":[]},{"nom":"Estrada","prenom":"Angela","mail":"estradaa@cy-tech.fr","mdpEtu":"197","numEtu":197,"filiere":"GI","moyGen":11.0337949457,"listeVoeux":[]},{"nom":"Armstrong","prenom":"Daniel","mail":"armstrongd@cy-tech.fr","mdpEtu":"198","numEtu":198,"filiere":"MI","moyGen":12.923084287,"listeVoeux":[]},{"nom":"Lopez","prenom":"Peter","mail":"lopezp@cy-tech.fr","mdpEtu":"199","numEtu":199,"filiere":"MI","moyGen":18.5979979482,"listeVoeux":[]},{"nom":"Davis","prenom":"Roger","mail":"davisr@cy-tech.fr","mdpEtu":"200","numEtu":200,"filiere":"MI","moyGen":10.8713167862,"listeVoeux":[]},{"nom":"Mcmillan","prenom":"Kathleen","mail":"mcmillank@cy-tech.fr","mdpEtu":"201","numEtu":201,"filiere":"MI","moyGen":11.0537538078,"listeVoeux":[]},{"nom":"Nolan","prenom":"Ernest","mail":"nolane@cy-tech.fr","mdpEtu":"202","numEtu":202,"filiere":"MI","moyGen":14.3021514554,"listeVoeux":[]},{"nom":"Carter","prenom":"Jessica","mail":"carterj@cy-tech.fr","mdpEtu":"203","numEtu":203,"filiere":"GI","moyGen":16.3531406471,"listeVoeux":[]},{"nom":"Brown","prenom":"Christopher","mail":"brownc@cy-tech.fr","mdpEtu":"204","numEtu":204,"filiere":"MI","moyGen":11.1657456744,"listeVoeux":[]},{"nom":"Holland","prenom":"Rebecca","mail":"hollandr@cy-tech.fr","mdpEtu":"205","numEtu":205,"filiere":"GI","moyGen":19.4541801111,"listeVoeux":[]},{"nom":"Hall","prenom":"Steven","mail":"halls@cy-tech.fr","mdpEtu":"206","numEtu":206,"filiere":"GI","moyGen":10.0161282882,"listeVoeux":[]},{"nom":"Kennedy","prenom":"Deanna","mail":"kennedyd@cy-tech.fr","mdpEtu":"207","numEtu":207,"filiere":"GI","moyGen":19.2917576917,"listeVoeux":[]},{"nom":"Stevenson","prenom":"Elizabeth","mail":"stevensone@cy-tech.fr","mdpEtu":"208","numEtu":208,"filiere":"GI","moyGen":11.1738727779,"listeVoeux":[]},{"nom":"Santos","prenom":"James","mail":"santosj@cy-tech.fr","mdpEtu":"209","numEtu":209,"filiere":"GI","moyGen":11.9538982468,"listeVoeux":[]},{"nom":"Miller","prenom":"Robin","mail":"millerr@cy-tech.fr","mdpEtu":"210","numEtu":210,"filiere":"MI","moyGen":16.926455115,"listeVoeux":[]},{"nom":"Miller","prenom":"Andrew","mail":"millera@cy-tech.fr","mdpEtu":"211","numEtu":211,"filiere":"GI","moyGen":12.6515381435,"listeVoeux":[]},{"nom":"Brown","prenom":"Daniel","mail":"brownd@cy-tech.fr","mdpEtu":"212","numEtu":212,"filiere":"GI","moyGen":13.2422004553,"listeVoeux":[]},{"nom":"Johnson","prenom":"Jasmine","mail":"johnsonj@cy-tech.fr","mdpEtu":"213","numEtu":213,"filiere":"GI","moyGen":11.1550249544,"listeVoeux":[]},{"nom":"Anderson","prenom":"Katherine","mail":"andersonk@cy-tech.fr","mdpEtu":"214","numEtu":214,"filiere":"MI","moyGen":13.0778755337,"listeVoeux":[]},{"nom":"Clark","prenom":"Gina","mail":"clarkg@cy-tech.fr","mdpEtu":"215","numEtu":215,"filiere":"GI","moyGen":18.4071618587,"listeVoeux":[]},{"nom":"Pope","prenom":"Nicholas","mail":"popen@cy-tech.fr","mdpEtu":"216","numEtu":216,"filiere":"GI","moyGen":11.8941200018,"listeVoeux":[]},{"nom":"Contreras","prenom":"Sabrina","mail":"contrerass@cy-tech.fr","mdpEtu":"217","numEtu":217,"filiere":"GI","moyGen":12.0098467753,"listeVoeux":[]},{"nom":"Peters","prenom":"Patrick","mail":"petersp@cy-tech.fr","mdpEtu":"218","numEtu":218,"filiere":"GI","moyGen":19.0474765607,"listeVoeux":[]},{"nom":"Bryan","prenom":"Jerry","mail":"bryanj@cy-tech.fr","mdpEtu":"219","numEtu":219,"filiere":"GI","moyGen":18.9443481612,"listeVoeux":[]},{"nom":"Caldwell","prenom":"Jerry","mail":"caldwellj@cy-tech.fr","mdpEtu":"220","numEtu":220,"filiere":"MI","moyGen":17.5479000165,"listeVoeux":[]},{"nom":"Sutton","prenom":"Stephen","mail":"suttons@cy-tech.fr","mdpEtu":"221","numEtu":221,"filiere":"GI","moyGen":14.7244262419,"listeVoeux":[]},{"nom":"Wilson","prenom":"Wayne","mail":"wilsonw@cy-tech.fr","mdpEtu":"222","numEtu":222,"filiere":"GI","moyGen":12.2020846397,"listeVoeux":[]},{"nom":"Stokes","prenom":"Cody","mail":"stokesc@cy-tech.fr","mdpEtu":"223","numEtu":223,"filiere":"MI","moyGen":18.5076437241,"listeVoeux":[]},{"nom":"Santos","prenom":"Diane","mail":"santosd@cy-tech.fr","mdpEtu":"224","numEtu":224,"filiere":"GI","moyGen":19.1309206922,"listeVoeux":[]},{"nom":"Herrera","prenom":"Chris","mail":"herrerac@cy-tech.fr","mdpEtu":"225","numEtu":225,"filiere":"GI","moyGen":12.4756791479,"listeVoeux":[]},{"nom":"Atkinson","prenom":"Brian","mail":"atkinsonb@cy-tech.fr","mdpEtu":"226","numEtu":226,"filiere":"GI","moyGen":10.247127825,"listeVoeux":[]},{"nom":"Smith","prenom":"Kaitlyn","mail":"smithk@cy-tech.fr","mdpEtu":"227","numEtu":227,"filiere":"MI","moyGen":13.9759416202,"listeVoeux":[]},{"nom":"Freeman","prenom":"Andrew","mail":"freemana@cy-tech.fr","mdpEtu":"228","numEtu":228,"filiere":"GI","moyGen":13.977182761,"listeVoeux":[]},{"nom":"Bryan","prenom":"Emily","mail":"bryane@cy-tech.fr","mdpEtu":"229","numEtu":229,"filiere":"GI","moyGen":12.151426748,"listeVoeux":[]},{"nom":"Fuller","prenom":"Tammy","mail":"fullert@cy-tech.fr","mdpEtu":"230","numEtu":230,"filiere":"GI","moyGen":16.3450307472,"listeVoeux":[]},{"nom":"Gray","prenom":"Douglas","mail":"grayd@cy-tech.fr","mdpEtu":"231","numEtu":231,"filiere":"GI","moyGen":17.54034345,"listeVoeux":[]},{"nom":"Miller","prenom":"James","mail":"millerj@cy-tech.fr","mdpEtu":"232","numEtu":232,"filiere":"GI","moyGen":19.7857835649,"listeVoeux":[]},{"nom":"Mejia","prenom":"David","mail":"mejiad@cy-tech.fr","mdpEtu":"233","numEtu":233,"filiere":"GI","moyGen":13.7325085757,"listeVoeux":[]},{"nom":"Marshall","prenom":"Christopher","mail":"marshallc@cy-tech.fr","mdpEtu":"234","numEtu":234,"filiere":"GI","moyGen":10.9132242965,"listeVoeux":[]},{"nom":"Robertson","prenom":"William","mail":"robertsonw@cy-tech.fr","mdpEtu":"235","numEtu":235,"filiere":"GI","moyGen":12.021347605,"listeVoeux":[]},{"nom":"Castro","prenom":"Michael","mail":"castrom@cy-tech.fr","mdpEtu":"236","numEtu":236,"filiere":"GI","moyGen":15.2629941081,"listeVoeux":[]},{"nom":"Wright","prenom":"Brandon","mail":"wrightb@cy-tech.fr","mdpEtu":"237","numEtu":237,"filiere":"GI","moyGen":19.94513135,"listeVoeux":[]},{"nom":"West","prenom":"Matthew","mail":"westm@cy-tech.fr","mdpEtu":"238","numEtu":238,"filiere":"GI","moyGen":15.3695103352,"listeVoeux":[]},{"nom":"Marsh","prenom":"Kevin","mail":"marshk@cy-tech.fr","mdpEtu":"239","numEtu":239,"filiere":"GI","moyGen":19.1996212758,"listeVoeux":[]},{"nom":"Lee","prenom":"Tasha","mail":"leet@cy-tech.fr","mdpEtu":"240","numEtu":240,"filiere":"GI","moyGen":11.1730758516,"listeVoeux":[]},{"nom":"Davidson","prenom":"Christine","mail":"davidsonc@cy-tech.fr","mdpEtu":"241","numEtu":241,"filiere":"GI","moyGen":13.2199086255,"listeVoeux":[]},{"nom":"Nichols","prenom":"Alejandra","mail":"nicholsa@cy-tech.fr","mdpEtu":"242","numEtu":242,"filiere":"GI","moyGen":10.6075395347,"listeVoeux":[]},{"nom":"Brock","prenom":"Karen","mail":"brockk@cy-tech.fr","mdpEtu":"243","numEtu":243,"filiere":"GI","moyGen":12.8044022236,"listeVoeux":[]},{"nom":"Delacruz","prenom":"Carlos","mail":"delacruzc@cy-tech.fr","mdpEtu":"244","numEtu":244,"filiere":"GI","moyGen":11.390801763,"listeVoeux":[]},{"nom":"Paul","prenom":"Rachel","mail":"paulr@cy-tech.fr","mdpEtu":"245","numEtu":245,"filiere":"GI","moyGen":14.3340538646,"listeVoeux":[]},{"nom":"Daniels","prenom":"Patricia","mail":"danielsp@cy-tech.fr","mdpEtu":"246","numEtu":246,"filiere":"GI","moyGen":14.8349086866,"listeVoeux":[]},{"nom":"Clark","prenom":"Keith","mail":"clarkk@cy-tech.fr","mdpEtu":"247","numEtu":247,"filiere":"GI","moyGen":14.3687048203,"listeVoeux":[]}]